1b8156d,1,0.3797419207542905
f203be4,2,0.3531109875745282
3dc40c8,3,0.25144799752222946
38becef,4,0.2406002428805406
7bfdbd9,5,0.23534006032149413
44293eb,6,0.23423629292478154
887038f,7,0.22332193976386527
4c3e79c,8,0.21996746069802509
336a54f,9,0.21403642768714604
175e998,10,0.21332740689475216
9320fec,11,0.20526903475711844
4581182,12,0.20067429398111902
2304ecf,13,0.18977024146921007
c1c31ef,14,0.18914181070050673
895c07d,15,0.18718746646631335
ab37a11,16,0.18627585229657995
9afca86,17,0.1769439876626694
de72651,18,0.1746102558809668
0af94b2,19,0.1647872156123944
a4c526d,20,0.16470173096715612
817b76b,21,0.15805934295990043
b8086ea,22,0.15367631071051446
d4ae974,23,0.14758775043395245
7647d95,24,0.1413293940886935
ef2dd6e,25,0.1395842035867736
2d3b9a6,26,0.13792293679968282
1146205,27,0.1377998964478906
ad75740,28,0.1237537735332147
a1c49b1,29,0.11878569442347331
ec324a9,30,0.11350824248521552
7d6ca28,31,0.11285631848651134
4ade66e,32,0.11200263392052201
61b5204,33,0.11139884990351734
6a94702,34,0.11029320427974476
35d56dd,35,0.1089988277356555
b29d4a8,36,0.1088964511910403
847b296,37,0.10753240733397651
6b49cfd,38,0.10696917263584027
c628a5a,39,0.10660220910287554
6fcb008,40,0.10577523611840278
55e1258,41,0.10565419931676445
7a0bb06,42,0.10552804366483781
77efc4f,43,0.10531009389103918
4229da4,44,0.10527889326093931
d24a652,45,0.10248451201875441
64857ce,46,0.1023815942779367
a5eb0d1,47,0.1023245174072761
d00fc0c,48,0.09968995284597926
77b7c78,49,0.09800708119635015
d964d23,50,0.09649469080994466
08fc255,51,0.09579655825050204
04ba01f,52,0.09455907738596259
d381212,53,0.0931389244429317
afc8fd6,54,0.09227749985775535
f86b892,55,0.09214538676141393
cd40201,56,0.09195798467234972
5b4d241,57,0.09184684384922481
de13c33,58,0.09103718932498173
93b0215,59,0.09094455918293354
62581c6,60,0.0900771134355487
98d279b,61,0.08997302627376991
e185090,62,0.0881595210567585
449fdd3,63,0.08467141696224634
d132d6d,64,0.08457226433576837
45f2bdf,65,0.08410691388034897
c9e8972,66,0.08401563194495132
0c8a0c5,67,0.08366402100050352
c4fd3fc,68,0.08308922272190966
52ecbc6,69,0.08220200444586312
279196b,70,0.0819344952521216
64bb372,71,0.08178022342553826
3137ff7,72,0.08080490842823151
bdc4987,73,0.08069368486832962
c0face2,74,0.08039346749687748
b10e8c0,75,0.08021312534826197
c2d3c87,76,0.07874736106037372
524c758,77,0.07862699511655546
3c2047d,78,0.07851107562494708
c1db3fb,79,0.07845381670786855
b0f4615,80,0.07816721399289195
4385971,81,0.07730123381995735
76abdf1,82,0.07712667874017098
301ed5b,83,0.07706217826447714
05b7dcd,84,0.0770099344233115
6a6ea48,85,0.07678947916043011
e33e925,86,0.07666202440016168
e829daf,87,0.07573086328292444
41acde3,88,0.0756131578573438
c080c66,89,0.07475019680707695
68c9dd7,90,0.0745565698702565
a79f4be,91,0.0739646325372405
8bf67e6,92,0.07370220084312629
6d50a2f,93,0.07361569774808929
5b2dd4b,94,0.07350107307565557
4755483,95,0.07338646706876384
309b4b8,96,0.07306927941864705
cf96848,97,0.07281324831793823
4e976ac,98,0.07262783290966246
b8c52bf,99,0.0721833642607903
e5d3e5e,100,0.0721037252487231
51dffd7,101,0.0714883903303779
3e66c9c,102,0.07143826341642678
a6a4c71,103,0.07134825094027542
fcccf54,104,0.07088859694850114
b4801b2,105,0.07079405719274534
a095236,106,0.06996003663111183
56ece35,107,0.06931767888158691
c306f81,108,0.06885410012489235
639482a,109,0.06867167330140733
32f4884,110,0.06842042784335911
82a9956,111,0.06827802413378059
1c92a54,112,0.06822185439164186
83f6917,113,0.06810204013018484
8c5eb24,114,0.06772154580491974
a2d9c86,115,0.06768180197971674
1e03ad0,116,0.06767230566856552
b306cef,117,0.06756092936785518
48a3215,118,0.06746202281877733
48cccf2,119,0.06716775013080956
3119300,120,0.06694280057688273
606015f,121,0.06688816173146206
0f70487,122,0.06623588841293493
260f0ff,123,0.06615436949081976
053636c,124,0.06592805772816535
4ccc7f3,125,0.06550399969320997
168bc14,126,0.06487845244681734
8ef31dd,127,0.06467086657083554
af21c37,128,0.06455077196530112
d6ac4fe,129,0.06443952188075763
f3c23f7,130,0.06417710467299054
7cc4ff4,131,0.06306289474292448
ff08ec6,132,0.062908890818691
24c113d,133,0.06274429449294616
027f494,134,0.0623431732660612
0b7eccf,135,0.0621567545598638
36a890d,136,0.06189235038312557
cfd45b0,137,0.061618819391873414
e4e1399,138,0.06161449193279078
f3335b1,139,0.06060213129168579
f545b42,140,0.06012592208813461
915752b,141,0.05996415988650572
5ef7a8a,142,0.05990583469495869
7e93d52,143,0.05953228277352496
e859f6f,144,0.05947775003116296
1868857,145,0.05905657927502428
3b40047,146,0.05881683226111023
b9ccef8,147,0.05854855217558874
848ace8,148,0.05813366943049947
49cc33f,149,0.057931053237547214
2f8df83,150,0.0579257959296563
b836418,151,0.057776079275367764
82d3c01,152,0.0577394088589519
28982c3,153,0.05738650810052315
9dfbc80,154,0.057055657615288746
b3f276d,155,0.056539063784529775
6d8fd42,156,0.05620623164179017
4adf024,157,0.05611217454445139
468118e,158,0.056079673313517486
f116658,159,0.05605078165603472
69b2d38,160,0.05589432825459828
9925370,161,0.05576514880822514
87c1e60,162,0.05499820285911239
974e91b,163,0.0545422069659548
9390e78,164,0.05435321998693521
a4351e3,165,0.054074201628494634
e85593d,166,0.05406391650694031
3e42e57,167,0.05405339985964164
6f2539a,168,0.053800663243045554
9a1ddf5,169,0.05377491427972181
9147da9,170,0.0536934888686289
c41e5b1,171,0.05362847007106719
3bee5d7,172,0.05322925680838653
c00a33b,173,0.05299927204207999
b29c8c0,174,0.05297973764962083
3924ff1,175,0.05246684732462592
5f09c4d,176,0.0520020404365239
8b7e4f6,177,0.05167039318002031
03d0d81,178,0.05144008654720322
585c473,179,0.051207753440055015
80fe41f,180,0.051203051110505826
52547e6,181,0.05119029097870187
4672d2c,182,0.05105155208031997
fe58a5d,183,0.05096719847953435
8f773e3,184,0.05085849148069932
5709ec1,185,0.050746411272619585
534a679,186,0.050644595287641314
1003a7e,187,0.05055658506918603
8ba5e1f,188,0.05040765944664394
e94b5cc,189,0.050257671894686995
43c245f,190,0.05002116357710307
d7e85b0,191,0.04994333990692301
8a630cc,192,0.0499195457831767
1004aa6,193,0.049750947445871385
0f655dc,194,0.04969449368823742
aebca72,195,0.049572044259808434
df632b1,196,0.04936443974134486
c61dcca,197,0.04925740305608062
7287c0a,198,0.04923598649807881
845f5ff,199,0.04910762225252896
39c4d53,200,0.04900405214871606
e152ec0,201,0.04883420404813854
97bbbff,202,0.04856002873726706
74a817b,203,0.04840872665595142
4c2ce45,204,0.04838801976608176
ecfbb80,205,0.04835899391088261
4191b88,206,0.04834061655579347
c764a46,207,0.048025951035339354
7b7e141,208,0.04799860823556268
e4d80a3,209,0.04797277622391671
69ee87f,210,0.04792889014972834
1787218,211,0.04782908524025242
620fc21,212,0.0476693915999894
d7ccbaf,213,0.04732346615715732
bd59bbc,214,0.04730523255150698
e3bcc1c,215,0.04713794426980433
2665037,216,0.047044565740509414
7d80ca9,217,0.046908869935002984
82d0521,218,0.04684904831776393
b783533,219,0.04681806171387204
eb3e25d,220,0.04679899815883681
5524adb,221,0.04670183946080497
c343b71,222,0.04647229302222111
9d72612,223,0.046325687214449296
322c2af,224,0.04623159078552641
4b5d629,225,0.046207710183390205
6641663,226,0.04616140360336185
0a58c69,227,0.04596652120961797
9eeebbb,228,0.045934562868419015
441d31d,229,0.045565679299772954
b347ce3,230,0.04554551886094382
be01040,231,0.045427678862087095
4cede4f,232,0.045339728581983874
a70a7c5,233,0.04513451031989635
04a9097,234,0.0450328429211323
2f29d7e,235,0.044810817640476897
484b616,236,0.0447115309910997
ffe07f8,237,0.04468208731117718
7efb21a,238,0.04460432605209985
0235adc,239,0.04456237018862419
5885b9b,240,0.044378806551469974
f0e3cbc,241,0.04426738140008901
07f6f61,242,0.04417356145935214
fa45534,243,0.04413749270512368
d3be4ee,244,0.04409134913179613
ef33293,245,0.04403641396623159
ab9dfef,246,0.043942762837462124
58d95f7,247,0.04364964145007977
fe64e87,248,0.0436091218500162
3d39287,249,0.043563103433544415
73f98ee,250,0.043544626301368905
a2d8936,251,0.04333958786289671
5125d75,252,0.043304724555185525
4d98fc9,253,0.04318867865464382
1bd8d2f,254,0.04305080289299168
4bd29c6,255,0.042857948675585456
ff9dc85,256,0.0427988363028009
5a7b057,257,0.042699753372646976
66485d3,258,0.042588105952951594
192a606,259,0.042545581996172754
33f7de2,260,0.04246426666904235
09ed556,261,0.042361510353257636
4e3493a,262,0.042172042096873086
dd220d3,263,0.04216016277129264
de195d1,264,0.04212941100930856
22775ad,265,0.04200659377020588
d4fd1cb,266,0.041834693136098
a83c486,267,0.04181185344283689
a28ca57,268,0.04168419946277324
042b972,269,0.04168161975021334
b88400c,270,0.04160541932581474
a4550d0,271,0.04147692444827478
78948d9,272,0.04129817627250276
aa365d3,273,0.04124557757580738
5200a1c,274,0.04089256129340779
369282d,275,0.04086584474479127
e76e568,276,0.04082550213452385
28f53ea,277,0.040786705244977406
8936be7,278,0.040759993612339174
dff6e01,279,0.040679027901786124
262e522,280,0.04021833411090747
c556f11,281,0.0401903380891252
4d09ce4,282,0.03990973660723829
8354dcb,283,0.03988685025131078
39dde4c,284,0.03973491101107085
75a9013,285,0.039590470705244685
a478193,286,0.03947080182169027
45fd54a,287,0.03920457627049867
4c1b34b,288,0.038904483989511185
5fd1037,289,0.03885708209034755
efd3c17,290,0.038729633484920645
de491e7,291,0.038497282568226265
10587cd,292,0.038430315573987794
1a40082,293,0.03841746384854927
a2715a5,294,0.03792212500748937
cc628d6,295,0.03765842168832978
0637740,296,0.037390354642026224
6b825fb,297,0.03730926412030655
3768257,298,0.036334165499410265
39f629a,299,0.0360860122658615
9d1fbeb,300,0.03606652976866764
0ace02f,301,0.035964723785743
5b3bc3f,302,0.03582280174331054
2acd6c1,303,0.03569637776175272
3df1d1e,304,0.03562983309639822
f1e920f,305,0.035614063267140894
11e5981,306,0.03531888597444022
51e81d0,307,0.035246423564711415
cb7f2a3,308,0.03498674881398922
cf66e1e,309,0.034755713042557534
3f8896c,310,0.03460421228998389
2daa009,311,0.03430816776657952
84cc81e,312,0.0340945476536586
9c1eea2,313,0.03385021217615147
8703ffc,314,0.03381993160780972
ff67789,315,0.033806678828435244
d745501,316,0.03377289155633889
bf4fc62,317,0.03330468567486555
6bbac11,318,0.03321341610492001
44e5994,319,0.0326833451934585
4031a54,320,0.03258397451197381
552148a,321,0.03242722225451622
ae2eb35,322,0.03233289355524649
5818d17,323,0.032243623311072445
64bb229,324,0.03221505583795359
5af11d3,325,0.03220375706647427
3ce4716,326,0.03208451517066535
01f3b98,327,0.032062344675393706
d7a094a,328,0.03193415609201444
211c8c6,329,0.031917762349973566
7078f43,330,0.031858032804452874
dd5a73f,331,0.03181726146346442
7fbff50,332,0.031774623139830704
dffa868,333,0.03174327444580327
9a66dcb,334,0.03163710473717796
b7d0c17,335,0.03157814016651517
78eb672,336,0.03141528557079287
3fc66a9,337,0.031382461777115345
5254fe6,338,0.03136790398101863
550f934,339,0.03134916267012733
07c4afb,340,0.03132101131042686
f067d0e,341,0.03131043826701918
9de5e9b,342,0.03112839416751878
2f28243,343,0.031064903693949764
1a7fbd1,344,0.031028763816212113
bd00267,345,0.030953985657444005
a90f4b4,346,0.03086766137035768
1464bbb,347,0.030834750246300113
e4cf805,348,0.030781819808264665
46ac406,349,0.03077733529740012
49b4ef3,350,0.03074268702058547
ae5ae60,351,0.03064886224536756
98e4808,352,0.03062542670547619
b326ab0,353,0.03060340303690323
36bde82,354,0.03050552436680387
19d4a07,355,0.030500733297348703
b41c7bd,356,0.030489423999799703
3c3abc4,357,0.030445713511945804
87b154f,358,0.030304497327510727
45780d8,359,0.03030219923358002
222eafd,360,0.029935034682673667
5cd9c1e,361,0.02990817073030161
8f4b174,362,0.029828983067344494
41a46f7,363,0.029653759982189665
7fe50e4,364,0.029626640745430977
2ba05c5,365,0.02956850666538957
ffd701d,366,0.0293834927335056
7eaa0d8,367,0.02931783157362744
b1ffe42,368,0.029169311243462337
984bce0,369,0.029153062699348142
084b868,370,0.029112339913035412
2dbbe07,371,0.029038065938529867
f78951b,372,0.02893472575842937
aa5add7,373,0.028892359301139314
de8d4c6,374,0.028838193549554303
96fd67b,375,0.02881193222889078
1c2f958,376,0.02878894958831646
5a3b4cb,377,0.02878893327834786
dda65ea,378,0.028722125934587117
effb8b8,379,0.02867783069079488
f01925c,380,0.028666548237844314
030f59d,381,0.028622842601522258
f9d8ba4,382,0.028590841688438395
6ee4f24,383,0.02852666726614206
b294be0,384,0.028379277164252703
8777edb,385,0.028356408311767
792e37c,386,0.02831026734141273
8268221,387,0.02825535843510829
7e3e1a6,388,0.028210172353564822
c438dfd,389,0.02812431043305763
a36a61a,390,0.028117606824038188
67316ef,391,0.028005175394368864
f9e7db7,392,0.02786504149543123
ebb59a9,393,0.0278643416007478
75aa5f6,394,0.02784390445328966
925a8f7,395,0.02776692948980164
761072d,396,0.02774273960899054
31628ad,397,0.027681138030216768
fa08f09,398,0.027604055435149655
bac7122,399,0.0275663884582642
0b3f6f9,400,0.027551037913738807
c8c81c6,401,0.02753765600857705
d790729,402,0.027468107395234975
9b0cdf5,403,0.02746418754390012
bca9abb,404,0.02737307854115878
48aea0f,405,0.027352982804083936
63df133,406,0.027346655760696947
07663b6,407,0.02730726621736701
f4a33b6,408,0.02730346969898345
cc5786f,409,0.02722674950653403
6a113bd,410,0.02721017483556376
f8595f1,411,0.027140783027051918
1836235,412,0.027034109174347343
9dcaf03,413,0.026984761271310664
aa7c8f9,414,0.02692790732576722
de20cf3,415,0.026910214540622812
aafd378,416,0.02690617471518819
e822903,417,0.02688931585126586
a4a3b0e,418,0.026873739829769483
41ecd65,419,0.02683128507563759
746e264,420,0.026729553447627397
c72f52d,421,0.026703377549188057
4859a08,422,0.02658627542507841
01bf122,423,0.026580738461248088
c669a68,424,0.02646952123363988
170b23f,425,0.026406020721020274
fb87920,426,0.026405808887855375
3706221,427,0.026340279168278524
d700e3e,428,0.02630134024355224
29312d9,429,0.02627013843938275
22c4ea0,430,0.02615395654531738
5124211,431,0.026058999272404737
325ef2a,432,0.026057401256456947
9a05def,433,0.026039297870247502
7faf592,434,0.02598727731502115
cc4ec1a,435,0.02583362189956251
9b04e62,436,0.025828033756587376
675bb61,437,0.025654670289915416
68f2755,438,0.025612938432538757
04f3807,439,0.025549166119229083
091577d,440,0.025485999013527327
1729698,441,0.0254762992544596
d6f92e5,442,0.02510570469652451
4839e1e,443,0.02491245818822163
22a391c,444,0.024890315827867937
764dabd,445,0.024880757127073383
4fe0dd2,446,0.0246496428229539
e58030c,447,0.024641766864449077
f957970,448,0.024415547498669254
9d5a6e3,449,0.024023420553843877
e35997b,450,0.023915219806347365
65714d6,451,0.02386274186737436
e42c68a,452,0.023771799124376214
f93cdf9,453,0.023262207912535193
a6ca7c1,454,0.023243427458293442
4d27fdc,455,0.023238584716175237
902503a,456,0.022305692924065812
3c4504a,457,0.02215439043038614
7437e9b,458,0.021880579355977425
82a7213,459,0.021489280201603678
940d5ec,460,0.02143299370736773
9f8345a,461,0.021357777295433755
cc4824c,462,0.021208340766191935
e8c234a,463,0.02114229279941049
685d279,464,0.021139879491809177
086aeab,465,0.020984484205149978
f42e3e4,466,0.020643222357671798
024c61d,467,0.02043836464063231
c25df7e,468,0.020009665601558146
1038156,469,0.019350937517731093
d6f8f60,470,0.01930076202589437
d550a22,471,0.01920404761924621
2851a41,472,0.019136894794440473
34fd5f8,473,0.018544316375400993
24b7eb9,474,0.018138222293686446
0a16858,475,0.01732804410377331
653599e,476,0.015928217273665002
977c5ee,477,0.014781533827054605
70baa09,478,0.014132313581764588
ee83440,479,0.002779758478635541
