4449af5,1,0.36760433577573437
f1f905f,2,0.3192374471221069
0fb00f9,3,0.30307423964922053
63ff02e,4,0.2854352236355625
b42d42b,5,0.2740075521245666
3210069,6,0.27328588058257897
2957b30,7,0.265072404518359
1cb3d5a,8,0.2555996055239339
82a0383,9,0.2537247767357791
52d82d1,10,0.2497949847616413
b57a1ae,11,0.24378044426912537
ccafe29,12,0.24282077785378897
695754b,13,0.23883444407820664
00f3126,14,0.23746010145322138
3efc1d8,15,0.23742639927837206
bdf8b56,16,0.23680344228528627
628ece3,17,0.23582963813754376
f7e1454,18,0.23351572955269773
93dcc36,19,0.2324207841388819
100d531,20,0.23203762350442547
9d40f09,21,0.23179261474882495
fa0f64d,22,0.2314305857597938
bcfef89,23,0.23013533795750418
7932bdb,24,0.22845213927643937
735582a,25,0.22749510607333856
875e5cf,26,0.22656673204284972
231e4eb,27,0.22519676241566788
931e259,28,0.22483763645271382
6fc9947,29,0.22336074878940693
0582892,30,0.22100544426430968
0f9ad2e,31,0.21975780226189712
546f871,32,0.21893590956097575
8027ef8,33,0.2182821810175969
c7d837d,34,0.21758292891850128
fe76026,35,0.21539816736223028
fd997ba,36,0.21489161712323834
30bcd86,37,0.21475341117668334
dc4eb55,38,0.2143002980529296
ca86702,39,0.21356040331612314
9e2945f,40,0.21349377066720954
ee24bba,41,0.21311325639531875
60eaf25,42,0.21183183362241076
59ebd4d,43,0.2117608726939204
b5525f4,44,0.21147961369983392
bcbf5d6,45,0.20959752050275482
d0d8b84,46,0.20894347973119576
b84516b,47,0.20788926935150243
9121bad,48,0.20644765614339278
a9952da,49,0.20491641367720215
c38480d,50,0.20242122230641035
f1f4563,51,0.201872167847857
fb5e3f4,52,0.2016089647378161
81b6c11,53,0.20072660735349246
df9d1bb,54,0.20058968027078028
6f16107,55,0.1997103018042945
5bf8d47,56,0.19863743757538477
3572232,57,0.19821037214385773
dbf200d,58,0.19757774701757747
0be65c0,59,0.19555687975224267
356db13,60,0.1954439087567006
166c9ed,61,0.19514106956146438
cffa33e,62,0.19467336174414673
95de62c,63,0.19336420585063763
a07a2f4,64,0.19303707070952136
a960c13,65,0.19227895866189237
6a965e8,66,0.19215798421263885
98b5bc5,67,0.1910360737108341
c5291ab,68,0.19001341011625317
ddf6ebf,69,0.18963851979350588
08a3ed2,70,0.18955964132730263
9b5e0b7,71,0.18929937436910704
18f1142,72,0.1889867604470321
5e2c0d1,73,0.18839367257160655
83a5ba3,74,0.18836707210805448
56730f9,75,0.18830371390215284
1078329,76,0.18791679989572274
75152a3,77,0.1878319667925994
2d1d34c,78,0.18748578545286998
b9cab09,79,0.18646832463657692
1ed0459,80,0.18546634448344446
49e0d8b,81,0.18534128459920396
10dc748,82,0.18498579311222274
0e82d92,83,0.18483084747379985
1b5b070,84,0.1842674932944589
3ac0571,85,0.18304435414082865
31d080c,86,0.1828449762934211
598c411,87,0.18139200753384377
cc6df03,88,0.18050064508963115
eabb909,89,0.18049000605064358
2af0444,90,0.18039622466077432
519cfe5,91,0.18000610391469096
de10106,92,0.17924683997723612
7b6040c,93,0.1790443016809926
0c4dca4,94,0.17880919099631887
8269f17,95,0.17835787981578533
30f915a,96,0.17760188552431577
395b4d9,97,0.17754146978205598
26ad9f2,98,0.1775290536958225
41cb6aa,99,0.17740634274940503
cad6644,100,0.17622167770497443
0abbd91,101,0.17611897943358545
5b95cdf,102,0.1750742680045384
cf4568e,103,0.17437547245807228
41d7c62,104,0.17375027907384855
63a28b8,105,0.17275999294735134
a952f09,106,0.17249095989862617
fbdf624,107,0.17225031862641316
f9867d5,108,0.17184699573754314
4ea5032,109,0.17147188157527715
e0e3ef2,110,0.17144858668151874
85daf80,111,0.17068882688082876
ee0335a,112,0.17024057827681127
69187b5,113,0.16974893011101289
1bd7cc4,114,0.16869135978547112
6d998a1,115,0.16831551291126257
5ad899e,116,0.16822780350590116
39452a4,117,0.16796852959413244
a544e36,118,0.16778449327265477
dceaa67,119,0.1677644885327827
f70672a,120,0.16744132247290167
d09530a,121,0.16681466755766694
372c15e,122,0.166181662156631
72c8759,123,0.1661396470590747
5190100,124,0.16607392029538004
a7cef1b,125,0.1651506488074047
83b64a2,126,0.16420330531412053
2f48971,127,0.16378090538552537
1221af6,128,0.16373836440419365
4a2fa90,129,0.16227048018666435
9897dac,130,0.16222257590099565
f8c987f,131,0.16148726480710363
dce4ad6,132,0.16132826275203305
b011766,133,0.16110561188867623
e6db010,134,0.16104122772453588
945ae4b,135,0.16084739613580168
69e1615,136,0.16084731211116332
07b5e30,137,0.16045541504213534
5c06c6f,138,0.15949290904072932
bde6e6b,139,0.15873677010326703
ee2d79c,140,0.15869458843565099
d598980,141,0.15811430084813882
f2786e4,142,0.15809855404064954
e398498,143,0.15759983791421495
93691a5,144,0.157105691731262
e727c99,145,0.15700229413847255
c76ca5e,146,0.1565947937781701
eda7f6f,147,0.15658312767639804
d577580,148,0.15523713945274786
22a832d,149,0.15510802906746446
c1f8d1f,150,0.1548573560299591
fe62254,151,0.15483624707433796
2619aba,152,0.15448818385169427
f0ff6ed,153,0.15428686204166797
e0ee393,154,0.1536652964039178
12cb31c,155,0.1532383672378158
2c13032,156,0.15291614435783607
cfe35cf,157,0.15279945135917017
b1561e9,158,0.152780834730176
6a43ce7,159,0.15251775007764978
a3fbcb0,160,0.15239568419538874
a791fb3,161,0.15202348387721087
6bc22c0,162,0.151537239099794
dfd60e3,163,0.15147882332444484
ad3195a,164,0.15135024279850073
9c0cabe,165,0.15134559424471883
5843945,166,0.15108418324809636
5612674,167,0.14992643151816587
5e4cef4,168,0.14931031927530325
2a29c1f,169,0.14864959981547965
c07992a,170,0.1483236515578651
bbeb0c0,171,0.14750911583324988
effccf3,172,0.14742800548663226
625914d,173,0.14737268981429297
fb24a15,174,0.1473607472116123
282192c,175,0.1470456548206066
dd61a2d,176,0.14639275676623198
7c80e36,177,0.1461220753967647
83b6ded,178,0.1458107255273572
ab75c6a,179,0.14563055489931065
71a7599,180,0.14540210639667173
79543da,181,0.14480444439297313
9f24361,182,0.1447710768552537
ce8a31b,183,0.1440373389835805
0f69bbf,184,0.1439187443634593
c7e8f03,185,0.14391833161748147
15194a9,186,0.14339602090072012
fdc79f7,187,0.14333242451292616
2a8fd84,188,0.14305121962431455
a5dfe5c,189,0.14304977892059156
6b08732,190,0.14276484142520762
11ba9ae,191,0.14259215644046952
bf82e02,192,0.14175166886481239
f6667a6,193,0.14173885494075023
a5973f3,194,0.14074847441329585
3aa4c08,195,0.1402906865588126
65216ae,196,0.1399209649672848
ffd08a4,197,0.1391046906767195
f96c605,198,0.13882744895360144
a50a203,199,0.13852094148257477
33f9ab9,200,0.13797428090484154
c4b7642,201,0.1379716824276449
1a0de7f,202,0.1379187673494795
60cff9d,203,0.13767290604565008
04fe97f,204,0.13665288083809535
8162144,205,0.13549480625154908
165d33f,206,0.1351323432846009
6520641,207,0.13500734259530844
e57f11a,208,0.13478525350273673
77dd3dc,209,0.13432306088345114
035f528,210,0.13423646680125
16541c6,211,0.13421929232016083
289a091,212,0.1335341830105543
cc021f1,213,0.1329390528706227
b7832d4,214,0.1325891681961131
29de287,215,0.13180323628061275
3e725d7,216,0.13171166418540114
eab2934,217,0.13167020604394075
2e022c2,218,0.13166580925846083
e203e82,219,0.13102360658069023
2748aab,220,0.13085839195899673
22b7bd4,221,0.1306588821194572
31114f3,222,0.13063534403902466
5d856dd,223,0.13041317151430776
91a01c9,224,0.1296079396648846
8d56392,225,0.12954134141401408
b8c2d9d,226,0.12949419091456404
4f10ae2,227,0.12925305233496343
d820be9,228,0.12850725592894796
29076a4,229,0.12786567907699609
a9f3aed,230,0.1275437421865464
1dcf683,231,0.1272611508959649
c86b5e2,232,0.1272163512260085
ac731fb,233,0.1270232765672401
ee113eb,234,0.12596315797739577
ed9becf,235,0.12582174232365118
d0ff33a,236,0.12551066032450509
9d632c2,237,0.1252701081424875
bdb86ef,238,0.12502091486624156
293d0dd,239,0.12482514606489192
3e7120c,240,0.12459589775241997
8548bab,241,0.12442832197459497
4d67ff2,242,0.12412515293731063
9137228,243,0.1236185645018999
e133c23,244,0.12347498010428015
ec9cafd,245,0.12336157277501769
82e6bf9,246,0.12194381523659037
04d863b,247,0.12181386679771833
31a3522,248,0.12120705398862042
e81fd5b,249,0.12102242825311327
ddafa8f,250,0.12080394786370718
9cde66d,251,0.12075920222396253
c10f11c,252,0.12069065741849694
0f9e031,253,0.11913452180544415
94cc4c4,254,0.11907290767191414
d2de839,255,0.11891785005586641
b5b9171,256,0.11874092125959079
a5ff284,257,0.11802826362494911
d911f5f,258,0.11762124413582975
9ac451e,259,0.11760218243999876
2e29f4c,260,0.11756094563943265
1986566,261,0.1173907202092237
ec225ad,262,0.1166566189757855
727d922,263,0.1164736513323883
0309db6,264,0.11646277104966796
71e7260,265,0.1164017849643657
71191d3,266,0.11584067101027118
d74fc31,267,0.11547496620245568
0f1e8c3,268,0.1149158222296437
94c6cc1,269,0.1147719734120004
efed057,270,0.11461347085429496
4dae15f,271,0.11424205390140219
732b7c5,272,0.11398375449160592
a0c1b19,273,0.11347644912378552
588d147,274,0.11315967385172898
fdd0f94,275,0.11312463762107527
d718e52,276,0.11312295244625359
6e8d7da,277,0.11296464521152072
9a0aebb,278,0.11283935761268149
9333313,279,0.11264617761680296
e65d67e,280,0.11206400241040304
b40cb99,281,0.11189921074574538
a4894c0,282,0.11160192662552348
e983a64,283,0.11132773417272324
7748f47,284,0.11090543405351727
9189958,285,0.11000247305968325
d1c7c8d,286,0.10978389907999875
2084d56,287,0.10963719533807703
84ee651,288,0.10934180332806165
e109a46,289,0.10928366212271934
ac23124,290,0.10898209344413601
fdbe30c,291,0.10894595967600817
b8f607c,292,0.10862972154990669
6e883fa,293,0.10848936381194874
5563aa7,294,0.1083089491928857
a0555cd,295,0.10775732732364207
3f17959,296,0.1076699818461202
f023dc1,297,0.10732195366622688
1967a60,298,0.10652692791276297
0148ae4,299,0.1065191938880774
c6a5b2d,300,0.10646412689027185
dcd88aa,301,0.10627573253223777
fe314f8,302,0.106213615600673
9535a94,303,0.10614432554704611
84e270e,304,0.10590539016614409
356aee7,305,0.1049915253367274
cdcca2e,306,0.10449147291775163
7028095,307,0.10317631119160342
66cf3bd,308,0.10298581451728961
c1b1a1f,309,0.10280429585224193
6257f83,310,0.10254129098146747
cb63f4a,311,0.10242477404897754
00e0305,312,0.1011480488162233
5bbfbea,313,0.10100323650753928
800f053,314,0.1008149948316911
c8b8dd8,315,0.10046358614565698
5000c18,316,0.1003510670848522
101a19a,317,0.10014329068838845
2eef8de,318,0.10006254972696182
9977688,319,0.09963790092315594
c9430c6,320,0.09946670422686343
f90324f,321,0.09847043128034227
f023e02,322,0.09799090342676642
8c6b42a,323,0.09774509726667324
85b09d7,324,0.09630604829834477
9250cf3,325,0.09626191910409443
af5537c,326,0.09610831639795214
b42904f,327,0.09573553993242323
a53e0ed,328,0.0949333158323824
20a88d9,329,0.0947997502745046
18bfd07,330,0.09466535497551465
f095ceb,331,0.09435665644517732
d9ee65e,332,0.09416240920575991
38ba132,333,0.09391042207158506
79ba87d,334,0.09378410682539062
62e27b4,335,0.09364659126526453
e7b46fd,336,0.09317819822734252
631b934,337,0.09316875311669603
fb41ecd,338,0.0928118610745503
758111e,339,0.09275119430927115
106f454,340,0.09252743920975126
954d995,341,0.09184131330452128
71205dd,342,0.09079421100050011
3040f29,343,0.09073711781536797
03d0f6c,344,0.09071867159840685
4cc8b66,345,0.09017980218623012
98a85c3,346,0.08997153281055315
65fea55,347,0.08980942431840488
2406158,348,0.0898001564605938
6b0e453,349,0.08970767564142301
18246b2,350,0.08970586104235312
6e2fc7d,351,0.08931504024814618
981c000,352,0.08791481528923573
d2f28ae,353,0.08752646474769177
a0c7d99,354,0.08743362212046535
a175e52,355,0.08742248576859324
94355a4,356,0.08620786274031689
ed37475,357,0.08599925358939364
8d85bf9,358,0.08580282315712262
f5185b0,359,0.0857859225623343
eb237a9,360,0.08566951895579322
e810384,361,0.0852717057787149
0770e56,363,0.08527003072235262
3472e16,363,0.08527003072235262
a7b192d,364,0.08494257524497129
b3607d8,365,0.08448379241080606
e8b045b,366,0.08403150965821615
9d25700,368,0.08379441936622856
a28de89,368,0.08379441936622856
9ec41a8,369,0.08379364235654108
7ad001b,370,0.0835904354729492
8d0c9df,371,0.0835308302254405
59a609a,372,0.08330878192274649
e218e44,373,0.08323297730099188
c507fbc,374,0.08311109532800331
7b24a09,375,0.08299961680041479
4a0babd,376,0.08288577908723893
af1828b,378,0.0828787556324031
29c7a7a,378,0.0828787556324031
439acba,379,0.08268486503003702
2180420,380,0.08259239405329355
d9a0bec,381,0.08232841131286828
818134a,383,0.08226752169838114
02dda73,383,0.08226752169838114
ee4b722,384,0.08220698448053287
5b68244,385,0.08215372606426907
1051fcf,386,0.08211083501273853
d8acbb0,387,0.08195767568454038
7b605ba,390,0.08167148299724802
5947242,390,0.08167148299724802
308b93c,390,0.08167148299724802
d43d91e,391,0.08166518880872575
c6da700,393,0.08165687742077432
5ea3c17,393,0.08165687742077432
02a1e84,394,0.08163154086104107
13781f3,395,0.08154470317277185
ad0a3c6,396,0.08153163748988435
19e0f44,397,0.08121844932504729
01720f9,398,0.08117492492856215
3463e5a,399,0.08113686993366731
6097e2e,400,0.08110180084970575
6fccdb0,401,0.08105589579473715
1277e6d,402,0.0810475383277327
96e3fbd,403,0.08100761245222432
5138807,404,0.08099253130090067
7001b66,405,0.08083764791319314
ac4940e,406,0.08080340856085089
a5dabc8,407,0.08077621383919475
11b381c,408,0.08076206975425382
4cec5db,409,0.08038724119976703
31c3079,410,0.08037877273532235
da145a9,411,0.08028845169447718
8d80d1c,412,0.08018763398646778
837d62f,413,0.08016603443874804
c50e096,414,0.07995082934754916
df40c43,415,0.07991082793714543
04c9182,416,0.07956750650402478
bfce519,417,0.07946336750073613
d7b0185,418,0.07945000450616724
25104f4,419,0.0793436746287346
3fcf712,420,0.0790633050880144
8e7cbe5,421,0.07894708673667894
e2227b6,422,0.07891493942367889
6fbd748,423,0.0788952534396512
94817bc,424,0.07888691272027726
b29b7bd,425,0.0788595651149917
bbd8c70,426,0.07884457921941046
df5d112,427,0.07862738344661713
9dd1961,428,0.07861281774959539
81d3e3d,429,0.07859819466107676
c15812f,430,0.0785977062878993
8fceda6,431,0.0785637746991078
e5afc85,432,0.07853708080212451
f7966c1,433,0.0785279625556593
b1a9534,434,0.07851831810139676
41be1ef,435,0.0783476148378045
11bae52,436,0.07810981356205304
2b649b6,437,0.07809820469113338
a2ce0a8,438,0.07805812350982011
25ad9f8,439,0.07803368197817595
458d50d,440,0.07801167905683015
5fb7704,441,0.07799852514103145
5a0d6b1,442,0.0779549086065382
b75082c,443,0.07786885322920611
c0febe1,444,0.07783346969098448
f503b09,445,0.07782845451240128
b7d60a4,446,0.07782527939488959
adb452a,447,0.07782204311278929
22a9850,448,0.07776965953327886
46e7f3e,449,0.077752346758316
c10a2d7,450,0.0777477135282385
75906ca,451,0.07773963532143202
4e68dfd,452,0.07769582760613092
6351aec,453,0.07760128483219308
a8a6d93,454,0.0775811824266095
2f4e370,455,0.07754479747708465
306d240,456,0.07749212690160978
5d202fc,457,0.07744801672763313
87bc9a6,458,0.07732308226854356
00da592,459,0.07723921310611614
922dd0f,460,0.07722920102333208
a337284,461,0.07720195336707758
c080c3d,462,0.07714126629141183
ab3ed47,463,0.07709132123596585
caa2b12,464,0.0770804937906514
2664f87,465,0.07699532813548071
53df8fd,466,0.07694323514827572
c046759,467,0.07679201385807088
a0d03d9,468,0.07677060278632142
c8d3626,469,0.07670927258854054
817b4ee,470,0.0766410608552387
c5ddea5,471,0.07660569946165696
899036a,472,0.07660179642637832
20560e4,473,0.07639974234861802
be0809b,474,0.07629623815337294
fb0f38f,475,0.07624417604516265
40446e5,476,0.07619479120589612
de78f12,477,0.07598930949699778
c64df2a,478,0.0759639677641114
88813b0,479,0.07586626177052291
8e05fa7,480,0.07586589399764576
d76b234,481,0.07581625517367307
f3db36f,482,0.07580964351247643
7f95a4a,483,0.07579648146182927
e3dc57d,484,0.07579041285937649
9d2b337,485,0.07577075991820736
6bc2c62,486,0.07573640678836113
dbed28a,488,0.07572137329998019
0111bf6,488,0.07572137329998019
067c0eb,489,0.07568946386847863
26c5d76,490,0.0755561885420557
89f2894,491,0.07546314686532585
c23fdd2,492,0.07531037414679409
40d8320,493,0.07528156744601544
1479be9,494,0.07522322468540643
c84250a,495,0.07521056443846297
3652eb6,496,0.07517621443788769
6af8116,497,0.07516190044448356
34257ef,498,0.07515607234053912
1fed0e0,499,0.07514484930852205
263dbd3,500,0.07514251377968517
312b5f0,501,0.07512851501628925
dc6ecda,502,0.07512540584229321
0a2bca7,503,0.07512049941856103
1cc505d,504,0.07510998686680348
99119c0,505,0.07509870851538936
8fff0de,506,0.07459859204593844
e8e461d,507,0.07442092076227136
f04531a,508,0.07434777707558315
9c49cc9,509,0.07431457903337269
0a5889e,510,0.07425858285461318
8bfc101,511,0.0741793879417888
8eb3e51,512,0.07412216564880048
1e81451,513,0.07411987061543623
3b398a0,514,0.07398031393515336
b872234,515,0.07395071343825144
c894095,516,0.07391684442301438
768be19,517,0.07376622999368498
4f9ee2b,518,0.07371617940876285
2d72fe3,519,0.07371283189152456
189a424,520,0.07368335118700864
d14d172,521,0.07361435014318918
7091717,522,0.07353821573512631
e17d5c5,523,0.07346996992120525
3f4e926,524,0.07328066778311171
ee41bc3,525,0.07326229772833281
015cc52,526,0.07321318916580521
8f944f4,527,0.07312369740622515
a07c7a0,528,0.07304217294507609
2013a1e,529,0.07300229939410552
892d0af,530,0.07296120925630312
c6fadee,531,0.0729320698028717
16d3e23,532,0.07290515132194608
b0a959e,533,0.07284975186577725
8a36ab5,534,0.07284162757558676
e211067,535,0.07283370888058849
9e55dcb,536,0.07283037608903653
0fa45ef,537,0.072793178289846
446930f,538,0.07272106527855937
e3d3f78,539,0.07245717787703965
89be88f,540,0.07236321020089298
8494bec,541,0.07232521620521803
8d09b4e,542,0.07231230255982657
5223a63,543,0.07230860941545192
11c34fc,544,0.07217302345556786
c5b24c2,545,0.07210171435687951
ea515a8,546,0.07205718283336549
0752e9a,547,0.0718912388120293
cc0efd4,548,0.07176949649414421
5027151,549,0.071764595012061
e452439,550,0.07168246918575116
51a9bee,551,0.07167367153747606
0fb0663,552,0.07164078384798356
0e0d475,553,0.07160298024940492
63652f3,554,0.07159708124132291
57764ea,555,0.071547501920462
7424595,556,0.0714169965836694
6a79c9e,557,0.0714042864401202
f447e02,558,0.07129698415933727
794b2d9,559,0.07123066717375026
d9ff23e,560,0.07120645723753727
26ee06b,561,0.07117167458380513
4c6eea4,562,0.07111072369674143
cdc3550,563,0.07109219662223953
d69237d,564,0.07087466983153301
292322e,565,0.07066758069866463
ba44f3b,566,0.07056702602580711
ab0053d,567,0.07046774285924462
0fff972,568,0.07044577144206254
80d4434,569,0.07029458060293814
69e6882,570,0.07026540425179961
df7a3e2,571,0.0702512274735454
ec58c01,572,0.07010188137188589
cd89692,573,0.07008954530069866
1c4133f,574,0.06999937849424342
8423569,575,0.06978599538974728
2f7454a,576,0.06974201027094662
66555de,577,0.0695199561068568
a543d02,578,0.06950354187463925
bade1b7,579,0.06947002432321203
6b4c201,580,0.06932957814917673
a5f669c,581,0.0692783384290141
79e28ea,582,0.06897826805296758
d1adb37,583,0.06888937340483714
a07e916,584,0.06870519282530507
c606f29,585,0.0685104692014471
f633664,586,0.06844785479368887
21cdcc4,587,0.06837063542846722
ad12e19,588,0.06835599787168234
8e90d48,589,0.06827707670261063
06157fe,591,0.06819824440681976
cd63a80,591,0.06819824440681976
1af18b0,592,0.06812265700915421
8f1c55a,593,0.06808766173253855
c6812d6,594,0.0680808712178953
7ede9ce,596,0.06793390719945114
893611a,596,0.06793390719945114
2544829,597,0.06788674703512199
6af1ae1,598,0.06772182297097018
bb9c824,599,0.06766752607723048
ffad0e4,600,0.06737752764517857
b35ac0b,601,0.0673126715175244
4d3741f,602,0.0669597212791091
0a997da,603,0.06672972793643439
b89372b,604,0.06671517210553968
9521d94,605,0.066700986643638
da5feef,606,0.066499680793623
eed8afb,607,0.0664617787370192
9f33e44,608,0.06631165840444309
f77ddda,609,0.06618631096804983
113ff66,610,0.06607828909195645
46aae99,611,0.065643088586951
2943811,612,0.06559208402636396
cb74b50,613,0.06558319844032245
a524341,614,0.06554985497551302
9c9e36e,615,0.06552953927519423
d6ce22b,616,0.0655056521419769
bc2e477,617,0.06542732933113338
4075aa6,618,0.06519696668481112
a50a1dd,619,0.06506452478519964
8fe4269,620,0.06505845348426142
8688129,621,0.06491660147927403
edb025b,622,0.06487714493639163
ae518f4,623,0.06474110434198654
13546eb,624,0.06471513388860506
59c42b1,625,0.06413704537065346
a499d3b,626,0.06400753179243834
fcc5ff6,627,0.06398029202192512
6a31d24,628,0.06387887955096772
931849f,629,0.0637835671845578
7d91ab7,630,0.06377623800691468
bad2fba,631,0.06358293144791616
b396c53,632,0.063453968231029
690728e,633,0.06340871698160389
f57037a,634,0.06334722710151497
bcba076,635,0.0632300768149966
21a3b87,636,0.0632185580714486
bbe1346,637,0.06267432554346009
cadfe51,638,0.06243025434234606
8d907db,639,0.0619639006274727
40e7a6a,640,0.06194135094474029
af0d671,641,0.06125547149097732
5938f68,642,0.06101911057586051
d3dee54,643,0.06101379259224682
9a6ce14,644,0.060733840725984534
ccb973d,645,0.06068716438754196
86db746,646,0.060527947977801366
1cfa3a0,647,0.06042833170737283
1a5b936,648,0.06025789422199668
fb851d4,649,0.06021004567040866
70a6a70,650,0.06009658234802029
2c53a48,651,0.059996498759239514
59e174d,652,0.05994462520129551
13672e9,653,0.05993380625804967
80bea2c,654,0.05984641246128253
bb2c5d8,655,0.05948723229620212
d308d51,656,0.059471571313603144
9da7d2a,657,0.059469332220301485
d6f305d,658,0.05945783486942613
2a02fe7,659,0.0590368856194331
57e0518,660,0.05901491643620271
10a1327,661,0.05877847495376176
e94ab54,662,0.058744127984427075
31ce6a5,663,0.05805113872262857
38dfda0,664,0.05805067698006483
5fc5353,665,0.05801669939806764
752897b,666,0.05760091284916102
5117837,667,0.057360681247434986
7654453,668,0.05722009360802405
e2df850,669,0.05660467352982779
35ec180,670,0.056588609387100086
5e1890e,673,0.05656469715093615
d59b909,673,0.05656469715093615
3f9fa6d,673,0.05656469715093615
9403b8f,674,0.056367497941326006
ce78867,675,0.05622301139130681
a4865b3,676,0.05599476368456191
872aeff,677,0.05591447383272263
f1994bd,678,0.055905540663028996
36fb761,679,0.05491990188868723
bdd4d3a,680,0.05467606401032732
f064899,681,0.054515228984098774
c00b6e2,682,0.05385502543777576
7510612,683,0.05368100262233333
5b74e6d,684,0.053487115936614926
56c204a,685,0.05346843725009198
3ce9be4,686,0.05278331321580143
252f8e7,687,0.052654382082931384
d45495e,688,0.052105292837835604
719c08d,689,0.050838355430108395
6993ef0,690,0.05079242039277254
82eb1a8,691,0.050688883222424264
c876210,692,0.050677684869723794
d542ac3,693,0.04922313110498111
70e7d72,694,0.049108092355604205
a870413,695,0.048872474839471214
f63e8e9,696,0.0484518745774446
2f76d9d,697,0.048221809100269186
124b73f,698,0.04776806385653898
2405423,699,0.047705647784541116
d89939d,700,0.04745263393984267
0305a10,701,0.047188145636423706
4ac5444,702,0.047011612214151066
6256120,703,0.04692174036146868
a7a30fa,704,0.04568127194095384
727432f,705,0.0456141922229949
13a457c,706,0.04558011783595772
e988be3,707,0.0455194914658249
1ed37a8,708,0.04533387693187407
7dcc591,709,0.04426016398800292
a8502b5,710,0.04406978066335465
1f85bc3,711,0.043982737474096756
90f6a06,712,0.04335635658081949
7f32cfe,713,0.04311676531102571
5193321,714,0.042375873015949805
7882213,715,0.0418241349644799
57d1317,716,0.039564960201159294
57381ce,717,0.03862968936499822
68e73be,718,0.035829938930460936
94a4db4,719,0.035192965969815915
5e52a98,720,0.033460549096841374
eb8b793,721,0.03335702927577744
921a971,722,0.03262046618306691
90cb582,723,0.03209398497601357
f06bed0,724,0.03171447644376113
d99d0bd,725,0.029415634551457126
01ca214,726,0.029056551100330674
e38b781,727,0.02693779453286449
db1a9ee,728,0.02465357407874813
941f00c,729,0.020465934320986756
3b0e93a,730,0.02019936129719635
b4bd93b,731,0.01986593423325289
dac3995,732,0.018626461929865945
fab9e0f,733,0.017143303456290004
5bc0060,734,0.012156409734775497
cbe33f0,735,0.009064489904983208
3b8cd11,736,0.006602023409688851
