38becef,1,0.2675557345368975
4c3e79c,2,0.2562785041004183
7bfdbd9,3,0.24523651940708535
e065766,4,0.21650182520840555
336a54f,5,0.21020826774406431
591db20,6,0.20468054652854728
d964d23,7,0.1865101367566827
c1c31ef,8,0.1831718737503969
9320fec,9,0.17721932372434135
2304ecf,10,0.17451363720198132
887038f,11,0.16784203578382317
817b76b,12,0.16432333335006277
35d56dd,13,0.15510009864951246
7647d95,14,0.15210068421725886
d4ae974,15,0.14894886002451824
0af94b2,16,0.14785381078819138
ef2dd6e,17,0.14417400094280597
c1db3fb,18,0.13493181968133428
1146205,19,0.13442219071403394
7d6ca28,20,0.13292472522595378
b4801b2,21,0.12776097269375963
f86b892,22,0.127510769786234
a1c49b1,23,0.12382250837284359
b306cef,24,0.12254145608758116
2e823fb,25,0.12208780897590288
77efc4f,26,0.12104807259603445
83d03ec,27,0.12025657658235422
04ba01f,28,0.11874971697110903
7cc4ff4,29,0.11869016195125703
4229da4,30,0.1161500490646935
55e1258,31,0.1147814401653231
c2d3c87,32,0.11451026151624688
6fcb008,33,0.11340445931627285
de13c33,34,0.11298559877257419
a5eb0d1,35,0.11196801901903586
1b8156d,36,0.11049548435400358
5b0913e,37,0.11037484899648786
895c07d,38,0.108882225665487
6e3eb4f,39,0.10739886234216978
b9ccef8,40,0.10589949252551456
847b296,41,0.10583308851221429
279196b,42,0.10331672130942815
f203be4,43,0.1011829706064501
6ff3409,44,0.10113585569338324
cd40201,45,0.09856446414851083
64857ce,46,0.09829111610573715
de72651,47,0.09674100996557067
3137ff7,48,0.09666686178368433
b7c2861,49,0.09654481634986567
3a66fb6,50,0.09629904014766244
e33e925,51,0.09538333838887081
6bf3a64,52,0.09076141625316547
afc8fd6,53,0.08993938111140098
b29d4a8,54,0.08913343236240756
9925370,55,0.08899648634670143
ff08ec6,56,0.08513089735391521
4385971,57,0.08465455197577398
41acde3,58,0.08341316676344479
8bf67e6,59,0.082263806146323
5d1678d,60,0.08214752988743401
b88400c,61,0.08203529556041178
b0f4615,62,0.08036063267291871
9afca86,63,0.07883917453330491
e829daf,64,0.0786179726334908
c9e8972,65,0.07856452025523686
4ccc7f3,66,0.07757595515662485
1e03ad0,67,0.07735886728842334
5b2dd4b,68,0.07667916327932978
4ade66e,69,0.07639550563187592
83f6917,70,0.07611926861048857
c621cfa,71,0.07584606693332963
e185090,72,0.07548865656214876
4755483,73,0.0721159135621473
a79f4be,74,0.07158455557043242
32f4884,75,0.07131259888231878
52ecbc6,76,0.07054665523456749
aebca72,77,0.06910470792397994
4581182,78,0.06910241203174994
510ff24,79,0.06895392181964421
b14f33a,80,0.06886174268126688
d381212,81,0.06834586826814981
449fdd3,82,0.0681700466110261
ec324a9,83,0.06784569457290301
5b4d241,84,0.06773378550748044
c6cc58a,85,0.06479957873898012
07f6f61,86,0.0646013045084246
bb87784,87,0.06401336193754936
6854432,88,0.06321211080574074
db7e51f,89,0.06291020918362134
cf3fcbb,90,0.06238697198138354
9dfbc80,91,0.0619421723060114
edb6e4c,92,0.06121572420154531
75aa5f6,93,0.06103894955922351
2665037,94,0.0609585918826645
5885b9b,95,0.058822358296872435
9548f86,96,0.05876311852722804
a6a4c71,97,0.05867221421171942
4d09ce4,98,0.05856234324680043
93927a1,99,0.058148452332581035
48a3215,100,0.05813545453875246
39f629a,101,0.05791696008031144
24c113d,102,0.05735472142592879
8a630cc,103,0.057023306223280334
03fee32,104,0.0569590474976186
c00a33b,105,0.056458684109655266
974e91b,106,0.056333828403434816
edc9ea8,107,0.055773354582132395
6b49cfd,108,0.05575413509512228
a4c526d,109,0.055728509683643956
8a76da2,110,0.055612106643940784
8cf0811,111,0.05535654209061769
ef33293,112,0.0553019147318633
4e976ac,113,0.05508861272708765
789f923,114,0.05502366923809243
effb8b8,115,0.05484268213210697
3d80e1e,116,0.054578712730015466
20c504e,117,0.054430912407521403
b3f276d,118,0.053345966157953395
9b27f9c,119,0.053330560911095004
a70a7c5,120,0.05297342512973968
3cc8b3a,121,0.052697118320150116
ca41f5d,122,0.052649028262825026
86fc0c5,123,0.05186419464910641
d132d6d,124,0.05172126182433445
1a7fbd1,125,0.05167708894230538
e88cd84,126,0.05165890188712652
44293eb,127,0.05112903326861773
e4d7559,128,0.051036393487729814
5524adb,129,0.05080961551931462
76abdf1,130,0.05033787338727802
e85593d,131,0.04953234816790475
75a9013,132,0.049348945017734125
ff9dc85,133,0.04920589856276414
84cc81e,134,0.049107052635508186
d790729,135,0.04828919445681845
a095236,136,0.04819201150424435
59dbb7a,137,0.04816474773966595
5125d75,138,0.048108082304380684
3fc66a9,139,0.04790784787833968
e3bcc1c,140,0.047730482589057655
5c695ce,141,0.047688109128565026
74a817b,142,0.047515678726073096
524c758,143,0.04721024152409248
eaaa156,144,0.04709242268946001
027f494,145,0.04641644661363964
68f2755,146,0.04616900127520163
1c92a54,147,0.04605144186618415
675bb61,148,0.045925918614415195
a2d9c86,149,0.04574523159368671
eea1688,150,0.04554433983757056
bbf3ed8,151,0.045427428236110234
cd97775,152,0.04532165219396922
bd59bbc,153,0.04530616607749649
cb7f2a3,154,0.045299769037162374
80fe41f,155,0.04517418121512162
fc66128,156,0.04512139915349289
1d13eac,157,0.04501108711139634
840ddca,158,0.0449566713869709
f0e3cbc,159,0.04484606110156475
0a58c69,160,0.04484126506331909
535699c,161,0.04459498102872517
9de5e9b,162,0.04450788498311431
792e37c,163,0.044444867280154066
cf96848,164,0.04422000065065734
dd220d3,165,0.044216691112301976
6641663,166,0.04418867752730138
d4fd1cb,167,0.044158580748957066
09ed556,168,0.04386210534738122
6e4eb92,169,0.04356450316234162
d7e85b0,170,0.0435250752107349
82a7213,171,0.04350334849356341
6d8fd42,172,0.04343063215173437
0f70487,173,0.04333809093144769
d24a652,174,0.04316247549128138
764dabd,175,0.043072130112760565
58786c3,176,0.04297560178275972
36bde82,177,0.04264955756220079
f067d0e,178,0.04249158317283752
5ef7a8a,179,0.041935931650253444
1c2f958,180,0.041690274748448664
7078f43,181,0.04162854572235963
550f934,182,0.041608164081122
3e66c9c,183,0.04155697424915206
a90f4b4,184,0.041433534587525744
9390e78,185,0.04123834668480297
2f28243,186,0.04098171792576888
25829b0,187,0.04096505168333264
3bee5d7,188,0.04086371688187718
28982c3,189,0.040755793707512256
dff6e01,190,0.04070001739613305
925a8f7,191,0.040633997787038356
168bc14,192,0.040409593078193584
8f773e3,193,0.040298334597193786
82d0521,194,0.03999252226289585
a4550d0,195,0.03995175539798823
01bf122,196,0.039886061408239026
e7ce7f7,197,0.039877189982231664
78eb672,198,0.039772356382137386
4d98fc9,199,0.03972935990651949
606015f,200,0.03954986247417058
3f8896c,201,0.039486288960329685
484b616,202,0.03904834080193953
03d0d81,203,0.03899234441948729
eb3e25d,204,0.03869393688451184
19d4a07,205,0.03819299804240783
3d39287,206,0.03815404348708096
bcb1a5d,207,0.03810875472150688
b8c52bf,208,0.037894858419203814
309b4b8,209,0.03782741019879443
f1e920f,210,0.0377380124726886
de195d1,211,0.03771213070019974
41a46f7,212,0.03770627681290062
c343b71,213,0.03715906731392815
b836418,214,0.03715002757138364
5f09c4d,215,0.03704342184913112
dda65ea,216,0.03701845434886408
bd00267,217,0.03688050727695602
49b4ef3,218,0.036879511112105856
b29c8c0,219,0.0368448906465636
d6d733f,220,0.0367824022977884
e822903,221,0.03675216964007344
efd3c17,222,0.03665522099037932
c556f11,223,0.0366036878198962
b41c7bd,224,0.03642107177480258
0a670cb,225,0.03639710506364913
97bbbff,226,0.03626483890213439
9c1eea2,227,0.036178118003183934
ed1e171,228,0.03615245247149679
6a6ea48,229,0.03591477488157391
f93b77f,230,0.03566298240633958
2ba05c5,231,0.035522188529480414
70a5626,232,0.0355135889767032
8703ffc,233,0.03524714811863927
ea119a2,234,0.03519239894388981
bf4fc62,235,0.03508277748291877
915752b,236,0.03505192348835906
6f2539a,237,0.03479388385535098
be01040,238,0.034772009936158144
eb5eae4,239,0.03470885613020214
7fe50e4,240,0.03467076362958876
711b76a,241,0.03464659924825042
f0362b1,242,0.03464622983471066
69ee87f,243,0.03460896381789624
82d3c01,244,0.034563404124876684
58d95f7,245,0.03450866230005911
4031a54,246,0.034418505270049304
1038156,247,0.0343841824394201
aa7c8f9,248,0.034365975135759674
301ed5b,249,0.034335714202747836
01f3b98,250,0.03430386062626245
86a7d25,251,0.034209763521251824
1868857,252,0.03412311631246834
c61dcca,253,0.033863489064482666
d3be4ee,254,0.03383456443105759
5709ec1,255,0.033764104383443794
8b2d4bb,256,0.03372091590841775
1004aa6,257,0.03371180512091854
9a1ddf5,258,0.03336933582832535
0b3f6f9,259,0.03330951779051705
653599e,260,0.03320222883265678
620fc21,261,0.03315659309439023
534a679,262,0.033020188732029165
d91c132,263,0.03295482563040708
64bb229,264,0.03289709727084977
3c4504a,265,0.03286401651457449
7fbff50,266,0.032733102261848224
8ef31dd,267,0.03264118677146455
4c2ce45,268,0.032615873045145016
1729698,269,0.032582239805266644
45780d8,270,0.03249534627728423
0235adc,271,0.03238797759388479
8ba5e1f,272,0.0317952330648793
445e483,273,0.03175035078177668
8c5eb24,274,0.03145401962855998
f78951b,275,0.031304344855592525
f957970,276,0.030851913184263058
053636c,277,0.030849967600036887
f412f0c,278,0.03080756657681516
df632b1,279,0.030786388895185146
58fdad0,280,0.03072571164421789
9147da9,281,0.030686654421755
c628a5a,282,0.03066043555268716
f9d8ba4,283,0.030644096089052608
29312d9,284,0.030566833685626627
5fd1037,285,0.030474045656775695
5cd9c1e,286,0.030347552472946515
87b154f,287,0.03028555273190403
a02241e,288,0.03024389351363055
51e81d0,289,0.030187373390980654
616f796,290,0.029987185557470042
3c2047d,291,0.02983372236868731
aa5add7,292,0.029781912094274388
cfd45b0,293,0.029350634463587322
0f655dc,294,0.0293494343459626
67696fd,295,0.02934355691290147
3ce4716,296,0.02933841836050788
9d1fbeb,297,0.02913054928313119
65714d6,298,0.029090002738637377
ffd701d,299,0.028779336408760292
f9fbad2,300,0.02869700841235101
8936be7,301,0.028564285325964556
e4d80a3,302,0.028550616000989515
af7a993,303,0.02846457844210637
fe64e87,304,0.028427476997368473
ae2eb35,305,0.02836704569213855
5ac633a,306,0.02834795887983621
0b7eccf,307,0.02829381296102773
22a391c,308,0.02827529168132703
222eafd,309,0.028130518714253205
325ef2a,310,0.02799934876388721
2c7ed40,311,0.027934272501632496
024c61d,312,0.02791085683720862
3924ff1,313,0.027854906497702725
6c7c286,314,0.027823832748857802
a83c486,315,0.027631680791048496
dd5a73f,316,0.027563206320988187
b1ffe42,317,0.027339059738451188
7437e9b,318,0.02721810006235137
262e522,319,0.027201156063422105
79c373c,320,0.026940765098330766
c8c81c6,321,0.026685082479211975
de491e7,322,0.02667707686729559
48aea0f,323,0.026663336131455995
192a606,324,0.026633794138155475
1bd8d2f,325,0.02660464141310659
c669a68,326,0.026488321201086795
04a9097,327,0.026483615550283002
f01925c,328,0.02634527819487431
845f5ff,329,0.026296756025770862
1836235,330,0.026129634206049746
fa45534,331,0.026043562375357987
eb4505e,332,0.025851400054615836
63e8753,333,0.02581777013575215
552148a,334,0.02572814463127271
342d124,335,0.025367524740079528
30a88df,336,0.025301595417097977
7d80ca9,337,0.025256823347914126
caa80b4,338,0.025255711847164575
984bce0,339,0.025175982258589302
7287c0a,340,0.02502461690531166
07663b6,341,0.024928279802770903
a2715a5,342,0.02486202662157888
6ee4f24,343,0.024807741580452736
ee83440,344,0.024695908749833517
dffa868,345,0.02454714664781288
a36a61a,346,0.024464150758990666
f8595f1,347,0.024422928493667895
f4a33b6,348,0.02442075264745125
f93cdf9,349,0.024397218907290408
9d72612,350,0.024377622691461154
6b825fb,351,0.024197640096431328
52547e6,352,0.024112497439430336
3768257,353,0.024025994533467654
4014ddc,354,0.023984500663021047
1aaaaa9,355,0.02372003924585353
63df133,356,0.023556059508168303
9a66dcb,357,0.02349349661317157
45fd54a,358,0.023388984489348452
746e264,359,0.02334471333140531
34fd5f8,360,0.023121915523189984
bbf1b13,361,0.023101953394757846
cc4ec1a,362,0.02299576118333624
9b4ae3a,363,0.022881929557163616
c438dfd,364,0.02287259702130917
16a9c4d,365,0.022860654344720177
c9f5de5,366,0.02284039759462131
cc4824c,367,0.022826435080084306
8268221,368,0.02272048237617197
c25df7e,369,0.022470078465072874
66485d3,370,0.02239266413505081
c764a46,371,0.02219051870236799
22775ad,372,0.022143252053793527
59aac0b,373,0.021933376832833917
2bc4e29,374,0.02175946367729742
3698fee,375,0.0217454035744038
6bbac11,376,0.02173203532574397
8f4b174,377,0.021724146287922297
a2d8936,378,0.02169398516941845
f80152e,379,0.021517385327684213
5a3b4cb,380,0.021478148762618554
70baa09,381,0.02116793898531899
d6f92e5,382,0.021118277400939633
9f8345a,383,0.02102696431435458
7dfe089,384,0.02102677226238836
e8c234a,385,0.02098485007428119
f9e7db7,386,0.020908346432852998
39dde4c,387,0.020823291238511787
5254fe6,388,0.020733728899640202
6a113bd,389,0.020695926426167355
aa365d3,390,0.020587598738055934
3587cc3,391,0.020553187670662387
2851a41,392,0.020193273334041195
0ace02f,393,0.020080430482894984
7e3e1a6,394,0.020025129778794337
81a2c70,395,0.019986529946201648
a9757e8,396,0.01960565797316649
5200a1c,397,0.019489653627284276
5124211,398,0.01929696239599543
41ecd65,399,0.019251614631482172
fc07980,400,0.01891654905070761
030f59d,401,0.018758903215090328
c926216,402,0.01859007971209614
cf5fd88,403,0.018553017994116683
091577d,404,0.018551117982996246
c72f52d,405,0.018406627181314472
e4cf805,406,0.018105955344886238
e9f7e61,407,0.01774210630058981
a2f9d4f,408,0.017578990537528427
01d1238,409,0.01755770042774696
45f2bdf,410,0.017496536809202157
eaf501c,411,0.017240694962212255
7efb21a,412,0.017197047553845435
8b7e4f6,413,0.017158020982313893
00241aa,414,0.017054056902657044
6a6e135,415,0.016828799257827876
a6ca7c1,416,0.016606177301482727
bd9c7b6,417,0.016431581312524646
0a16858,418,0.016303750407831274
086aeab,419,0.016103703332434383
7e9b833,420,0.016069778159116255
043a352,421,0.015887316010064545
d6f8f60,422,0.015573205983751559
12e777c,423,0.01553741661463659
7eaa0d8,424,0.015289940556291848
d6227f7,425,0.01521057740690257
3c1c9ea,426,0.015059750171772301
4a77f08,427,0.01482284083488361
e152ec0,428,0.014797526412072104
a857aec,429,0.014521434995914073
c9855be,430,0.014405724893880256
e42c68a,431,0.014327589163924181
a478193,432,0.014107688183668698
febdacb,433,0.013450402283048501
6dbca87,434,0.013221534893794518
f1be9f1,435,0.012927306627972812
5bebea6,436,0.012891365086762585
11bd742,437,0.012799356110794413
03ce555,438,0.012761389157148306
18e9262,439,0.012384565174367368
5fa514b,440,0.012094609341951612
24b7eb9,441,0.012039274690165302
831de24,442,0.01201445261251266
1c75a54,443,0.01171967717560618
4fe9831,444,0.011608321979101888
66527dd,445,0.011169026773863888
94192f9,446,0.010808913087476113
8686011,447,0.010111896830131917
57ed289,448,0.009642557698411602
bca9abb,449,0.009289989009821364
8dc6730,450,0.00916331199785958
dc58965,451,0.008474124421119611
d39f3fa,452,0.008444358690668174
465b84d,453,0.003880097786832404
