de13c33,1,0.2371459039397581
1c2f958,2,0.22701549290619272
f9f01ae,3,0.21680962069344734
6cfdf82,4,0.21528453055100605
a0750b6,5,0.21382704963644095
f964ec0,6,0.2136663557582802
e93aa3e,7,0.2074559146933872
9de5e9b,8,0.20346690350489838
37672b9,9,0.20260162470357612
6a0d35f,10,0.19764269655839217
4c6e103,11,0.19494713844996991
d964d23,12,0.19398464726011277
70a5626,13,0.1912399110902323
d9ccf7e,14,0.1908659015033788
f412f0c,15,0.18960230493226382
ab19f92,16,0.1893230341785137
4839e1e,17,0.18864900489654302
d683223,18,0.18709553024025127
f423b0e,19,0.18669590527309488
168bc14,20,0.18461785059118974
82d0521,21,0.18413260567380418
e4cf805,22,0.18269285053178497
9bf6d8d,23,0.18239631656559296
279196b,24,0.18221894250858361
0c8a0c5,25,0.18216710620055776
83d03ec,26,0.18116547836345998
6d00ac1,27,0.18082211980551244
8ba5e1f,28,0.1807323820900918
5d39761,29,0.17862791477696427
4755483,30,0.1764989400242969
5f09a76,31,0.17627628633441406
3c4504a,32,0.1759297494144788
f203be4,33,0.17586261577542006
8936be7,34,0.1758419544153209
938f48a,35,0.17551197171183996
df223ef,36,0.17497766456371078
a2f9d4f,37,0.17445979878019358
ec1e4e9,38,0.17361264496268292
9a40e65,39,0.17336278978260922
d381212,40,0.1733008013891536
3bee5d7,41,0.1727544910084785
084b868,42,0.17225787115303293
f8229e7,43,0.17205109377023498
0d98b3c,44,0.1716652207062539
1a196b7,45,0.1712640828925477
fe64e87,46,0.1712514039055567
c1c31ef,47,0.17050457955689113
48701cc,48,0.1703489316506568
db7e51f,49,0.16991951766388558
5125d75,50,0.16959626346420753
759085c,51,0.16947439016111376
7faf592,52,0.16913832026600262
b347ce3,53,0.16793221520866586
fa14716,54,0.16769921350313
eb5eae4,55,0.16726815462526445
9147da9,56,0.1670730034626745
cf66e1e,57,0.1666913400642308
9320fec,58,0.16666273173625035
6a6ea48,59,0.16657414676246296
1369e98,60,0.16648158398927015
23364a3,61,0.16622825878153646
222eafd,62,0.16583428940034683
4d76ded,63,0.16579695774986059
0c3fdb9,64,0.1656219793881154
5524adb,65,0.16491460089535137
2e68acb,66,0.16491044413906697
1c92a54,67,0.16482103970565665
b2c12cd,68,0.16456689528880353
742b241,69,0.1630337819772838
5cd9c1e,70,0.1629106552171986
83026ba,71,0.16255756829288714
51aa75f,72,0.16178678350103903
eea1688,73,0.16169781251696513
d48c365,74,0.16161145004863664
5ed0298,75,0.1605625041246651
5414029,76,0.160555409631429
f0ff297,77,0.16022150704666704
2b259dc,78,0.15969223751238393
76abdf1,79,0.15909857659194027
cb7f2a3,80,0.15898436794530046
4ade66e,81,0.15888189733956637
be01040,82,0.15872008174883767
4e3493a,83,0.15863821886916762
845f5ff,84,0.15855027703768587
e829daf,85,0.15836573670335508
535699c,86,0.1583136378018135
8aa879a,87,0.15829655526635966
81af563,88,0.15825363868626252
c53509f,89,0.15808610330338035
35b886a,90,0.15800100708203357
9d82016,91,0.15773003108663586
a86645e,92,0.15758519228266588
b675d1d,93,0.1573892070470544
2acd6c1,94,0.1573373016534978
9a66dcb,95,0.1572895797510414
995e169,96,0.1569399188553673
847b296,97,0.15680485696937962
f01925c,98,0.15653528847754983
59aac0b,99,0.15616671691979445
465b84d,100,0.15607068637561927
b836418,101,0.15584125498975643
0b7eccf,102,0.15563288982808343
8b7e4f6,103,0.15563026774793665
c25df7e,104,0.15524463143477063
4dfd943,105,0.1550107190292318
28f53ea,106,0.15455645415242691
c41e5b1,107,0.15369345974013826
6c7c286,108,0.15343909444450154
2f5cb16,109,0.15338368765553834
d5b11f8,110,0.15320131564918504
c2d3c87,111,0.1530919739729235
a2715a5,112,0.15265971154172409
2427228,113,0.1525555719968965
4ff5d0b,114,0.1524857613796553
4f2e95d,115,0.15237368681769747
a4c526d,116,0.15237244843756026
b655537,117,0.15222689597231598
5a3b4cb,118,0.15214459370904043
82ba14e,119,0.1519189924278157
113a08f,120,0.15178677875932478
915752b,121,0.15154800607299057
eaaa156,122,0.15133080520809894
40e4513,123,0.1511151337607456
58d71bf,124,0.1510960284750701
a1c49b1,125,0.15085517756566558
437a9e4,126,0.15067143853004028
695eed6,127,0.15040409422477452
d381c15,128,0.14993966758538846
00b1517,129,0.14974658056588686
5f09c4d,130,0.14942961764759244
00995a2,131,0.14927589397783492
41acde3,132,0.1489208198871872
51e81d0,133,0.14873730287380482
05fe81c,134,0.1485671707887829
70f817a,135,0.1485273521112881
b02b646,136,0.14852508581205448
8bf67e6,137,0.14846235233455063
a7f99cb,138,0.14843552911475077
c764a46,139,0.14839656783895638
01bf122,140,0.1481920930173669
c6b0922,141,0.1478418434083243
5885b9b,142,0.14779753138487683
cf3fcbb,143,0.14778778558715377
76cf166,144,0.14771222358302505
5428589,145,0.1476837360092621
e87b8b3,146,0.14732899957881496
f116658,147,0.14710233496121639
bc82b39,148,0.14692664183953208
9d9957f,149,0.14672158939141222
cc628d6,150,0.14635462537283395
25904fa,151,0.1458713088876602
e7ce7f7,152,0.1458044413535423
524c758,153,0.14579922095690223
a642d2a,154,0.14561039440206636
6d374c3,155,0.14558966752249813
6f2539a,156,0.14537927438114906
a4a3b0e,157,0.14528572189510114
f4a33b6,158,0.14524726686663325
0ef2982,159,0.14513655885949184
0f67233,160,0.14488134031756084
b9bc153,161,0.14468860545717888
b29d4a8,162,0.14460684887427888
48a3215,163,0.14437801528670702
14ddcfd,164,0.14396586758481478
263efb0,165,0.14386508084216498
a478193,166,0.14381725564279058
cc4ec1a,167,0.14379580599467
06484fe,168,0.14378711678670775
06c4d2f,169,0.14376675291893382
81a77a2,170,0.14349696711559856
d00fc0c,171,0.14343987956163673
ffe07f8,172,0.14285158561784428
8c5eb24,173,0.14281976114231765
8268221,174,0.14273055852977934
77063ce,175,0.14226359518228204
b53b7ad,176,0.14218345800366938
de20cf3,177,0.14143582838748525
efd3c17,178,0.14140073712284684
01f3b98,179,0.14133634026227992
70058b0,180,0.1412437081149831
ad32e17,181,0.14114273272760403
b8c52bf,182,0.14109927583955817
3ded788,183,0.14072627827195983
a1637bf,184,0.1402783616806813
7437e9b,185,0.1398996259489731
31c31c6,186,0.13982759855047533
c306f81,187,0.13979962829651804
5bde370,188,0.13971998349636983
ff22c95,189,0.1396399878959057
de8d4c6,190,0.13959431801069377
24df2d2,191,0.13956292015354843
35d56dd,192,0.1391426721509491
04f3807,193,0.13912942070746337
5f8b6f5,194,0.1390476446158907
e33e925,195,0.1390146379016448
ad75740,196,0.13895109272605277
9e921fa,197,0.13883639405845583
4437166,198,0.1388080171081557
8e80f71,199,0.13879833601191205
653599e,200,0.13875367767895952
c1c81dc,201,0.1387252946467521
ff29818,202,0.13848264582648162
03d0d81,203,0.13800822829967474
75755a5,204,0.13800181150227608
ceaae6f,205,0.1379769317495253
77b7c78,206,0.1379731901085235
f80152e,207,0.13794847512180186
30373de,208,0.13792650210379642
6d50a2f,209,0.1378575609373568
9b0cdf5,210,0.13767632517573147
7d80ca9,211,0.13761392188016297
8cef001,212,0.13759089801660018
d8624db,213,0.1372292381268283
6fd9971,214,0.1371996358427331
925a8f7,215,0.13695411681855474
d1f2538,216,0.1369383551992046
3a7ec4f,217,0.13688542396045067
83e4a97,218,0.13687638508250388
37de878,219,0.13685625751865027
5bebea6,220,0.1368518974467925
f42e3e4,221,0.13671482697833126
d24a652,222,0.1367043569541524
0637740,223,0.13662180585876893
a3d0607,224,0.13651256140256407
e4b41a7,225,0.13650930017049057
7eaa0d8,226,0.1363261046376747
1c75a54,227,0.13627876311285947
e6e661b,228,0.1362455783821852
aa365d3,229,0.13611990270301644
1004aa6,230,0.13592807272360397
73b6385,231,0.13587335673743806
b10e8c0,232,0.1357489272420228
4fe9bc3,233,0.13565593698951162
0ea5dcb,234,0.1356258607276144
400a87f,235,0.13546991310308143
1dfad50,236,0.135335444336383
1862a48,237,0.13479057087332458
9407ab7,238,0.13476038283402003
4b5d629,239,0.13472612452224908
b1b6778,240,0.13464683828310386
fed2e01,241,0.13464164060822648
8288284,242,0.13426684964700986
4581182,243,0.13419804232289
58fdad0,244,0.13417289682018474
e96ce39,245,0.13415405832292338
4b15b25,246,0.13402526837741258
0a8cc6d,247,0.13390030213259485
091577d,248,0.13389258463299214
4385971,249,0.13387400669723193
db1fdf9,250,0.1336877790792832
78eb672,251,0.13366558327627798
5ef7a8a,252,0.13363546262420367
053636c,253,0.1335995478609886
4cf197f,254,0.13350272379318817
a2b23eb,255,0.13350140473529937
48b0e24,256,0.13347654961723077
7647d95,257,0.13346252330969732
0a40e66,258,0.1333190921452485
85963e9,259,0.13316975447699364
03db341,260,0.13277282104210641
fe46a1c,261,0.13272376157933397
9a1ddf5,262,0.1326472514889372
3cc85c3,263,0.13264139916785866
b2202ac,264,0.13249522288883542
8666370,265,0.13221459579935757
f9618ad,266,0.13219752119035866
59dbb7a,267,0.1320612611506019
d132d6d,268,0.13205341633757928
e414f15,269,0.13204948237733627
88f40d9,270,0.13194037749139687
8676b93,271,0.13185703165727602
ff9dc85,272,0.13158397218684148
a6dfe83,273,0.13088723789498358
36bde82,274,0.13085851514949565
9a185e0,275,0.13078073970570336
75aa5f6,276,0.1307745969309808
1771d20,277,0.13077360213558842
e03b9c3,278,0.1303566239117201
b6e3f5c,279,0.1300212398431887
606015f,280,0.12968418547074023
05fc934,281,0.12961840616785425
e9f7e61,282,0.12952741542757062
170b23f,283,0.12917843026492615
0f655dc,284,0.12903631801629034
d63b204,285,0.1290311292458024
dd549b1,286,0.12897842707995322
1b8156d,287,0.12885561924443112
4938fd2,288,0.12883358487303354
5da32cb,289,0.1285953154902637
8d91f37,290,0.1285477606295915
a83c486,291,0.12831712409529084
3ce4716,292,0.12793715302928022
5200a1c,293,0.12778967323323287
da30f17,294,0.12777291078684816
a70a7c5,295,0.12773282617736692
3c2047d,296,0.12766121788790008
b53207c,297,0.1275788019862798
8a630cc,298,0.12750318189200727
9f3b267,299,0.12749789588778615
27d9224,300,0.12737710743185582
ebb59a9,301,0.12732836930896374
0a58c69,302,0.12732149112818658
663a683,303,0.127243128177022
6a4bafe,304,0.12720379762352207
5592f80,305,0.12715064574167
a548609,306,0.12715000510829155
fdce3fd,307,0.12713474519795498
d366b6e,308,0.12713089154394341
c628a5a,309,0.12709300325900075
b7b201a,310,0.1269768518597082
c070afd,311,0.1268774963993795
d2de4be,312,0.1268586099491984
bca9abb,313,0.12683857184959246
521e1da,314,0.12683767539127344
681cd7b,315,0.1265565756757132
c055c33,316,0.12651773556907486
2d0aac9,317,0.1264758939904982
3e66c9c,318,0.12644261420702962
44e5994,319,0.1261579609988973
febdacb,320,0.12601694975063005
0517d9c,321,0.12568623179833938
86faeec,322,0.1256679427018882
e3bcc1c,323,0.1255577090143314
97d1367,324,0.1253908750185495
285589f,325,0.1251685365727142
40ab7fc,326,0.12513993893978448
c61dcca,327,0.12508727430973887
639482a,328,0.12506750898866048
3a66fb6,329,0.12496330009560874
0235adc,330,0.12493446208482573
fbf47bd,331,0.12486879802022954
c5e143f,332,0.12483345936733037
fdccd7d,333,0.12474539536892115
82a7213,334,0.12470706148204558
c00a33b,335,0.12469002673544471
05b7dcd,336,0.12465706000962762
ba01197,337,0.12450577882609026
c5d7b30,338,0.12444579625014762
063290b,339,0.12433761267012056
77d424b,340,0.12430584847821335
07d6ec6,341,0.12424096289745434
8703ffc,342,0.1242349130241962
4ccc7f3,343,0.12420697509674972
27b083a,344,0.12409504700685337
80fe41f,345,0.12405273335517208
83f6917,346,0.12404975539750007
ec4a34c,347,0.12403498058047391
9b27f9c,348,0.12399441030651426
efe3e7f,349,0.1234673912100166
d82fb38,350,0.123413489648041
0b054d7,351,0.12339038483833564
2609cad,352,0.12338121364562094
dff730a,353,0.12331766051264759
1f5edbc,354,0.12328944128712294
6a36f04,355,0.12320698299245647
07f6f61,356,0.12319760557557058
e152ec0,357,0.1230904152919694
7e9b833,358,0.12304248485603775
211c8c6,359,0.12303217466794403
68f2755,360,0.12301191220468943
e1feab1,361,0.12296054674751722
9da5006,362,0.12274013004991324
592b16b,363,0.12273492590891089
b5a15f8,364,0.12271682799180239
6829657,365,0.12271369845243685
164dbb3,366,0.12270800266032411
6a94702,367,0.12255204492295235
3119300,368,0.12241702736202342
ef0c0c6,369,0.12238654004708871
78995bf,370,0.12233901548119208
c26da90,371,0.12218133093793604
51dffd7,372,0.12210681842068705
34fd5f8,373,0.12195841248551131
13ed380,374,0.12193106660275843
dff6e01,375,0.12189976838188166
66c8c69,376,0.12187913292335484
7cc7485,377,0.12178951506864466
22b7619,378,0.12138584485793202
2f29d7e,379,0.12138411230558543
fa08f09,380,0.1213507828830731
b3f276d,381,0.12127028752946556
ee83440,382,0.12118274701093301
273b440,383,0.12113050337351727
9f0375c,384,0.12089958267766165
807979b,385,0.12058945093837459
75f82cd,386,0.12058882608877097
d1459d8,387,0.12044288515688384
7ab44a5,388,0.12025010815031201
7a16312,389,0.12024040176886186
0635582,390,0.12020826609048041
cf5fd88,391,0.1201628938679149
951f0a8,392,0.12009311415498847
52547e6,393,0.1200515831208383
4031a54,394,0.11999362502371247
6c51485,395,0.11972527731595528
441d31d,396,0.1195132185881439
dc58965,397,0.11942298458139722
42dbcc0,398,0.11939138135769933
2f8852d,399,0.1193857590934142
9b4ae3a,400,0.11936166693511474
b742849,401,0.1192465032270793
6a30daa,402,0.11918854446428628
7a0bb06,403,0.11912074553806706
251c3aa,404,0.11904012718494406
974e91b,405,0.11897416304899977
9f41fc2,406,0.11886943385902338
ce53ac0,407,0.11882638206786111
841090b,408,0.1185922651014314
831de24,409,0.11856509827747241
e14000e,410,0.11846545116559393
6e3eb4f,411,0.11846129197190447
c684806,412,0.11805249204068546
9fac3cc,413,0.1179457238739049
8f4b174,414,0.11793724982444675
51b1e6e,415,0.11792466580838767
d9220c8,416,0.11790237225911815
445e483,417,0.11782208486215462
43ef4fb,418,0.11774635337150241
de491e7,419,0.11774582445682602
aafd378,420,0.11771462647000475
b375f94,421,0.11760731575427719
1e03ad0,422,0.11760080781910165
a44af45,423,0.11751500543219118
bd87d24,424,0.11749325334347083
bbff7b8,425,0.1174830456528203
2f0c326,426,0.11745578240782217
a4550d0,427,0.11719371829863179
0907b66,428,0.11708060014927002
aa89d05,429,0.11704304453071346
aedce35,430,0.11701410369689746
8be3896,431,0.11692070744648586
e016169,432,0.11691760987835031
ee749e2,433,0.11667100317284118
ec8f3c1,434,0.11660231547554978
6d38965,435,0.11649019110503289
28e179c,436,0.11643722078929675
7a580f4,437,0.11634184340996034
43f6b63,438,0.11624281098406675
177d001,439,0.11623024256350689
bd59bbc,440,0.11620256955313579
915cb47,441,0.11618722649888036
9f7a353,442,0.11605903064829559
e29ffb6,443,0.11598911846385296
6bf3a64,444,0.11575736712078655
3dcdbe4,445,0.11568862070125818
d4ae974,446,0.11566986673463886
12134e4,447,0.11555104828709006
da36f25,448,0.11552902316929059
28982c3,449,0.1155233772093659
b29c8c0,450,0.11547737858878049
6a113bd,451,0.11543905939857713
d7ccbaf,452,0.11540802292697694
b7ad2fb,453,0.11536959149567416
f9fbad2,454,0.11531808667077048
0a2bbb2,455,0.11523665396095872
295c978,456,0.1151293851149372
58eb2f5,457,0.11499423987895696
145faa8,458,0.11498121122615612
d4fd1cb,459,0.1149676328835113
22092ec,460,0.11478567778540627
ae61437,461,0.11472420306715436
c13f618,462,0.11460727010683647
f136b35,463,0.11460118868202451
290bffb,464,0.11452561072961565
0304556,465,0.11449668714082306
5fa514b,466,0.11420525128848902
d6d733f,467,0.11413811361156456
817b76b,468,0.11407056055674625
a430f61,469,0.11404605170401849
bea4e62,470,0.1140153300922645
0f70487,471,0.1140150619692668
f0362b1,472,0.11386083224310406
fd91d02,473,0.11383927626511303
3c1c9ea,474,0.11373853815817525
62af886,475,0.1137209911861169
c9e8972,476,0.11363303927732249
ef33293,477,0.11362506622094426
e58030c,478,0.11351235172993823
67289ae,479,0.1134194229874197
208aa65,480,0.11326404313686977
8d53308,481,0.113261814724265
086aeab,482,0.11320174891649482
d3ed535,483,0.11315660938581606
342d124,484,0.11309348520796536
c462a2a,485,0.1129685696769609
3c5a6f6,486,0.11291961115649485
5222108,487,0.11291383868344851
e85593d,488,0.11278405714057504
513d04b,489,0.1126992071687467
24b7eb9,490,0.11264081792885461
6afe53c,491,0.11251705543875834
6b825fb,492,0.11247790967002436
73f98ee,493,0.11246345614987785
b3f9127,494,0.11241364865646464
74a817b,495,0.11236900309989017
90eaf33,496,0.1121827813386782
e0c0880,497,0.11211494994376181
49239b9,498,0.11211382761320499
81ecaa6,499,0.11205314683666523
1f1d9e2,500,0.11204886327350683
4d09ce4,501,0.11197959557889647
c343b71,502,0.11189936922911792
c0face2,503,0.11172787356700953
ae5ae60,504,0.11165895632683465
daa75e6,505,0.11160782594087759
1d8928b,506,0.11155496647485763
1a7fbd1,507,0.11139864033542157
14ff5e1,508,0.11104998281934253
4014ddc,509,0.11072592296662742
49b4ef3,510,0.11060148788617263
da794a3,511,0.11051124305836124
56f7f2c,512,0.11035945447630413
bf52b91,513,0.11033587380522913
39f629a,514,0.1102978584665073
94cd95e,515,0.11027421008820437
615db36,516,0.11023657192871039
1860001,517,0.11022170755594085
2dc356a,518,0.11017234933193576
10c0c9f,519,0.11016270295676989
ca41f5d,520,0.11015427355124152
db6ecf3,521,0.11002539009305012
761072d,522,0.10995978492505332
043a352,523,0.10990002527755727
30cef26,524,0.10980469592639652
16a7379,525,0.10973828147527087
6dbca87,526,0.10966468237834248
578471b,527,0.10941117211561824
3698fee,528,0.10935599579254407
42af8df,529,0.10934675503213542
04d0a2f,530,0.10928982727467385
c926216,531,0.10926469131037475
b8fb1c4,532,0.10918468071064191
ac9fde2,533,0.10902706683109709
a9757e8,534,0.10899471754565537
b0ed6d0,535,0.10889521555765724
8eac7e1,536,0.10887150465474638
b2c046d,537,0.10885164934706693
fe58a5d,538,0.10880109544347039
c1f4a4c,539,0.10877784319520045
b783533,540,0.10867286299911061
8578db7,541,0.10865709508749266
59eec92,542,0.10858622813417917
24fd842,543,0.10853880360993096
9dfbc80,544,0.10840111147440179
cd96835,545,0.10831007397872516
940d5ec,546,0.10827803786999679
cc0f81d,547,0.10826718380194233
0a16858,548,0.1081817379889507
0593df4,549,0.10796438147400855
fabe711,550,0.10793176162021123
e822903,551,0.10789322844176497
59aa8a4,552,0.10770030266912789
dffa868,553,0.10742061730329988
94192f9,554,0.10733565803033951
107c16a,555,0.10723617396019858
29dc33f,556,0.10719347110152044
457e732,557,0.10705627572920295
a6ca7c1,558,0.10697119772991948
65ddb41,559,0.10684593446754398
ab37a11,560,0.10675946095697764
d550a22,561,0.10675502513555979
b0f4615,562,0.10671563682897733
4b55758,563,0.10663484126488965
773b2b3,564,0.10661296269532816
8be814d,565,0.10659429499618844
7a39ecc,566,0.10654360680639785
e1fa1c2,567,0.10653324635316097
d5a4223,568,0.10652897445939802
45780d8,569,0.10645954444665673
9d1e18e,570,0.10641871572722583
a785f51,571,0.10641687657217669
413b936,572,0.10631085076419045
b0ea387,573,0.10624483829824083
a552292,574,0.1062399267021159
b9ccef8,575,0.10604898615976355
d2b3ca6,576,0.10602990101084653
4672a1a,577,0.10596612378232373
b4801b2,578,0.10594427356894431
1bd8d2f,579,0.10591464554236985
fa1b3fc,580,0.10585815267781706
8caec1a,581,0.10585366241902072
341a643,582,0.10573466587348979
f2a75e8,583,0.10553962631508684
3a8f393,584,0.10549899994367329
369282d,585,0.10549895063444847
301ed5b,586,0.10547041914685695
e646ff3,587,0.10540280666859736
28cacf0,588,0.10539507093917788
bf4fc62,589,0.1053525238228481
80ee905,590,0.10530370829554203
2e904fc,591,0.10528437425089476
8229f38,592,0.10516594025313952
16d5317,593,0.10511026349587882
3695e22,594,0.10507361123788095
d1df970,595,0.10483282769177038
6a2b233,596,0.10458831531547708
01fbd3a,597,0.10451181296667045
afc8fd6,598,0.1044543496611321
e8f11e3,599,0.10441557900515075
134beca,600,0.10427704698346729
929e465,601,0.10415553544594836
7fe50e4,602,0.10404430536749465
e4692e5,603,0.10403508037705
d2b1996,604,0.10403131240604457
591db20,605,0.10384824529224423
75aeb38,606,0.10380807419677263
d43e86e,607,0.10375299192469789
61336bd,608,0.1037481433809897
f5bcee9,609,0.10368445005695515
45f2bdf,610,0.10363466237638963
fcccf54,611,0.10362097314795704
63e8753,612,0.10361181809097397
a8b9176,613,0.1035951368085739
e065766,614,0.10353424347398343
6259562,615,0.10349824654668638
8f01ae1,616,0.10345745162816156
b41c7bd,617,0.10332326031493588
d700e3e,618,0.10329773935255793
760bded,619,0.10314270626127209
82d3c01,620,0.10297046226309847
2131059,621,0.10296106235489055
3d80e1e,622,0.10293743240144215
82a9956,623,0.10278503626611402
d1cfe67,624,0.10264312950437837
1038156,625,0.10255933629859171
07c4afb,626,0.10254927458438001
358665e,627,0.10253253629845716
56e444f,628,0.10250060056584953
f94ba37,629,0.1024128093584098
ae2eb35,630,0.10230800906590143
a2d9c86,631,0.10191127349508333
8d58355,632,0.10190743183499984
bbf1b13,633,0.10185424703300261
4606edd,634,0.10181078916836384
2dbbe07,635,0.1017628059950384
d7a094a,636,0.10165801000702879
ba8491b,637,0.10164321021447997
ad95d93,638,0.10163385490170951
cd17f34,639,0.10161093616612682
725ecc1,640,0.10158976326544922
b5f32b2,642,0.1014428240611307
306f537,642,0.1014428240611307
c621cfa,643,0.10141477038608082
d5142be,644,0.10139513956702362
a69d552,645,0.10138133162566099
9d72612,646,0.10126405920869608
e578606,647,0.10120740850027365
20c504e,648,0.10114049813276238
449fdd3,649,0.10107493778838383
09ed556,650,0.10103597741005732
c776178,651,0.1009586364839381
42c6b8c,652,0.10092294785425282
63df133,653,0.10090135364453412
902503a,654,0.10086297874621108
f1f1e53,655,0.10078842440980484
c438dfd,656,0.10055801852774371
00c6b6e,657,0.10050989321006765
ccbbcbf,658,0.10049476235883303
d0f6017,659,0.10049409256532282
ae9d464,660,0.10044047578373494
3e2929a,661,0.10037682851094432
c9855be,662,0.1003676311697459
ad3247e,663,0.10033810851041614
41a46f7,664,0.10025944927922859
e323b87,665,0.10016582515490102
58d95f7,666,0.10010801922522983
3f48dc5,667,0.1000216654323125
cf96848,668,0.09999289663895461
84cc81e,669,0.09987538169808408
379aa1c,670,0.09981831672237684
33d99d8,671,0.09981465439763637
4e320a0,672,0.0997784173117423
1342c44,673,0.09971837961779473
caa80b4,674,0.09959720177915765
b326ab0,675,0.09958615042768881
2f8df83,676,0.09952843363844455
7ba4542,677,0.09947310795735798
465282f,678,0.09945525551672474
2a32a89,679,0.09944371466945079
c669a68,680,0.09943529863661837
a6a7e40,681,0.09942978272485892
46bf070,682,0.09939369325424863
f636f23,683,0.09934668621823062
37d853c,684,0.09934499806198205
fc30718,685,0.0993241662741402
9afca86,686,0.0993209425714161
599e408,687,0.09929074229399792
39e843f,688,0.09929048289170395
030f59d,689,0.09928284903155482
b4bf1ef,690,0.0992054677067673
8159a9f,691,0.09916329355883191
1b01c37,692,0.09914830085032134
e9a1cc9,693,0.09912221971374302
28daacd,694,0.09906483352590711
a90f4b4,695,0.09904796325230258
103bd46,696,0.09891554462501762
ecde688,697,0.09885990945539169
e185090,698,0.0988553178024193
ffac08d,699,0.09862036822849896
95248f5,700,0.09855809056392373
d22f487,701,0.09837401641099153
32f4884,702,0.09834422558441658
4229da4,703,0.09831703091884458
19d4a07,704,0.0982681244461624
fb1ca6a,705,0.09808464674027118
12fd848,706,0.09801023984438029
d2238c2,707,0.09793213720850713
cf8d2a9,708,0.09788978306443796
5c695ce,709,0.09788803944302449
8d76fac,710,0.09786747114000516
50c1b3d,711,0.09737041051299622
97ccd2e,712,0.09736908295960367
fe5f03c,713,0.09736215963831019
1abdeea,714,0.0973079494714657
91d0d35,715,0.09718675299159119
b8ffdb7,716,0.09715390749413233
ea119a2,717,0.09712909040785944
f1be9f1,718,0.09699545347056637
ed28ddf,719,0.09698227122156877
d9044e8,720,0.09695319752278742
1aa17f7,721,0.09694611204544468
76b2fd6,722,0.09690130977919842
333bd7b,723,0.09687323420377592
d6f0437,724,0.09683811055426506
03bfd27,725,0.09681428954100091
e35997b,726,0.09679091910111615
1d3903e,727,0.09670541291874146
f58f752,728,0.09667323677589168
fd7f204,729,0.09666159806255337
685d279,730,0.09661508319695788
050aa06,731,0.09660642114680063
d7150be,732,0.09645122179445265
cd25d5c,733,0.09641708683227324
95b271c,734,0.09639794759170839
dfdbb7d,735,0.09639290898438313
c2e1d41,736,0.09637764760536838
eb073f0,737,0.09630034497074491
9524992,738,0.09629030122685767
31e978e,739,0.09624699350349897
833cd72,740,0.09617574969463394
efefb73,741,0.09613411223436152
954e002,742,0.09612325172474645
75a9013,743,0.09611352393599282
8caf59b,744,0.09607165074938007
819dd2d,745,0.09601065213839333
8777edb,746,0.09600524796082688
4adf024,747,0.09597042124372968
6db92d5,748,0.0959254978753421
848ace8,749,0.09589876573044842
8451502,750,0.09581066109449987
7aca9cf,751,0.09574143594371332
11e5981,752,0.09569589931591937
02b6894,753,0.09568022216040484
0cfd65a,754,0.09540393143922143
bb214c0,755,0.09527809152473377
44c2d71,756,0.09525732147059385
a07ce4c,757,0.09525583698991313
23a6701,758,0.09522209349869659
ffc1066,759,0.09513453627007884
21a2103,760,0.09508394679620313
5db16f8,761,0.09499891316976383
d3be4ee,762,0.094823962947998
d61a074,763,0.09475192599087767
b42830d,764,0.09468010869840782
a36a61a,765,0.09467793679230274
a9fc441,766,0.09459365024187116
f392c84,767,0.09449868514974824
8091a5f,768,0.09448365592651375
e276b9f,769,0.09446506018664025
63c9ab9,770,0.0944428480565358
8a76da2,771,0.09434646002903635
1440300,772,0.09425839573952455
2665037,773,0.09424338596439952
2ea78e7,774,0.09423025260923201
27cda97,775,0.09412989349726764
64857ce,776,0.09412422349256311
22a1fcd,777,0.09398126820630603
4bc5881,778,0.0939542200875797
7e3e1a6,779,0.09394512722359916
58fdc07,780,0.093941960651867
46f8deb,781,0.09385720274552223
d71162d,782,0.09385384347050418
853cb5d,783,0.09384690111701044
1e612a4,784,0.09358307549558698
a6be744,785,0.09350840666631843
7a3f394,786,0.09350710453299294
bd9c7b6,787,0.0934644999371761
fc07980,788,0.09344303852261304
18e9262,789,0.0933844474955664
2304ecf,790,0.0932445768602661
03fee32,791,0.09314717482918922
bd60dbd,792,0.09310214505042946
d8bc770,793,0.09308258816061177
4fe0dd2,794,0.0930769902495917
71a6f60,795,0.09307224236638612
bfb5624,796,0.09306154783729048
c8459fe,797,0.09304436362233048
0ace02f,798,0.09297547832844866
2fda37c,799,0.09291297495332584
efc318a,800,0.09283618655790593
6da361c,801,0.09280145257455708
3f6743d,802,0.0927964204925904
f9d8ba4,803,0.09279534886393637
c556f11,804,0.0927618946668366
541c3ab,805,0.09275544429174631
1146205,806,0.09274490797349744
ef2dd6e,807,0.09251120063405227
001238a,808,0.0924889902715379
e9c1546,809,0.09248264731642175
d38ce56,810,0.09246438888592057
861e894,811,0.0924038289723832
d9b11f3,812,0.09237495688916508
c9a6fff,813,0.09237250630478777
e2da3b8,814,0.09234689039948474
e61c3d7,815,0.09231341578018415
1bfafcc,816,0.09230072729543382
cc5786f,817,0.09224052985545605
171a223,818,0.09223551102598226
1f89ef6,819,0.09221103366212258
68c9dd7,820,0.09218794273247366
ce838ee,821,0.09216990092746324
c8d1896,822,0.09211986496916158
80f0fe1,823,0.09210728720142047
7e6c80e,824,0.09202612426457157
0a670cb,825,0.09197474083152057
c5a6976,826,0.09193833648515792
6e4eb92,827,0.09188706813953462
1b21d47,828,0.09186297469420723
0ec0f7a,829,0.09185317092981149
8dc6730,830,0.09174418140830243
41ecd65,831,0.09169676742863253
1267364,832,0.09168100905172982
7e0ecb4,833,0.09167805965691234
99797b3,834,0.0916676803161226
4a024e7,835,0.09159033225978863
769694f,836,0.09155692178808095
45fd54a,837,0.09140206635998616
f7013a9,838,0.09135013483713283
606729f,839,0.09125669423652938
e4790ce,840,0.09123403325001023
260f0ff,841,0.0912107604691218
61b5204,842,0.09117489815618829
b46e8aa,843,0.09114815897753481
5b0913e,844,0.09108609676351387
8ff053c,845,0.09096744685597169
8dae406,846,0.09094359254755191
3137ff7,847,0.09085487577319118
e7f4269,848,0.09081442870025946
98d9c2b,849,0.09073805177038574
ce81958,850,0.09065956154045485
5818d17,851,0.09060948006311764
8887186,852,0.09060837101165609
7f6700e,853,0.09022723176595471
e4ff227,854,0.0901394833369058
78948d9,855,0.09008623906489466
5909c3d,856,0.09005409638277584
792e37c,857,0.08998902134998676
325ef2a,858,0.08981815806690219
f111554,859,0.08980697622222877
5512087,860,0.08966042026657395
d5b7f2d,861,0.0896239960155687
6588923,862,0.08958938059552102
d28e886,863,0.08957943870863516
41c1bcc,864,0.08955545961141842
c6fadd8,865,0.08954562888354167
05f5aa1,866,0.08944801392425261
4c1b34b,867,0.08943284019860398
69214a3,868,0.08942137626785929
1e2aaa8,869,0.08942015123299552
ecc7e37,870,0.08929453037056523
5254fe6,871,0.08925681016997322
0665764,872,0.08923566585997267
f652e39,873,0.0891728309940566
3d39287,874,0.08901805488293824
4a9d8d5,875,0.08896163067584328
f791e3a,876,0.08895866225785987
2065172,877,0.08893829334930192
1aaaaa9,878,0.088925955606457
69ee87f,879,0.08887992357977192
9b0a060,880,0.0888473034201922
8e0ba4e,881,0.08881980363585751
36d7b04,882,0.08876581497119207
7a42818,883,0.08872518434786869
0a39688,884,0.0887220328736591
1b47250,885,0.08871322812315408
dd5a73f,886,0.08867347542750414
8ef31dd,887,0.08860180766553438
7093341,888,0.0885993909498255
98dce60,889,0.08854194881266708
6bbac11,890,0.08845570135930081
6f441f9,891,0.08843408514292617
072fa2d,892,0.08842998787684964
bd2803b,893,0.08840845279456966
8f8b3c3,894,0.08840069991262944
baa06eb,895,0.08836363277691706
af3e9db,896,0.08828384603016048
3924ff1,897,0.08825469348664028
5811ff4,898,0.08812903843342779
79c373c,899,0.08810110336695198
d07260c,900,0.0880488948601561
e4d7559,901,0.08798547507748888
f335329,902,0.08791934459176465
9ae1d1f,903,0.08791124615911483
11bd742,904,0.0879013160808082
0cf74c1,905,0.08784864022968897
6578fb4,906,0.08782719984495924
0694993,907,0.08777798634220957
fbfbb2b,908,0.08774234534724401
8a14f3e,909,0.08767450786801523
93927a1,910,0.0875647796093576
11e7462,911,0.08755702966906664
b74427c,912,0.08753744029717025
0acac1b,913,0.08753081804259377
6a8dd84,914,0.08751602052382124
a8a456b,915,0.08743645905756814
3cc8b3a,916,0.08740865647189067
2582794,917,0.08739260004842686
dc8e627,918,0.08733113075322829
1c4c4fc,919,0.08731434301742713
f1a08e4,920,0.08723588570239638
b294be0,921,0.08723406693028568
269cfb2,922,0.08720696818241724
f660799,923,0.08715669655359992
e46b140,924,0.08712326553654282
c7d0809,925,0.08693056553351952
2f28243,926,0.08689498554257047
a8b498c,927,0.08688803435233994
a2dc06e,928,0.08686945123071466
3df1d1e,929,0.08676360709563025
2e823fb,930,0.08670089344253773
86b3e89,931,0.08669751611702381
3130ceb,932,0.08669388580895865
192a606,933,0.08668220981160824
8c4a625,934,0.08661422221947734
71177c4,935,0.0866093097349776
482b767,936,0.08660018287145133
382422a,937,0.08652836273375619
2b3560b,938,0.08651383932899082
5ed8083,939,0.08650343457801424
4434b45,940,0.08647906462392374
81e67f5,941,0.08646632707813562
219b5d1,942,0.0864453895261077
977c5ee,943,0.08642456606801174
87c1e60,944,0.08641775373903404
87b154f,945,0.08626797735660363
e4e1399,946,0.08626614996188631
57ed289,947,0.08621639654143642
c72f52d,948,0.0861850557555881
95876c3,949,0.08617955541909195
de30660,950,0.0861703428309547
e488f3f,951,0.08616327650878863
895c07d,952,0.08607299500512489
4922461,953,0.08603389391864202
19ecde4,954,0.08601481070954231
ce18471,955,0.08600255071154672
cd40201,956,0.08596384350054609
e4d80a3,957,0.08593979835155197
56ece35,958,0.08585013357463878
d329b2e,959,0.08584614771177879
0ac9c95,960,0.08583875200355684
faa5f67,961,0.085816531594332
974027e,962,0.08578999306194979
cccb850,963,0.08569874838072677
602e2c2,964,0.0855818628432411
6b4b6bc,965,0.08556367810317123
1e39963,966,0.0855154944312867
7e52b85,967,0.08544960926536116
ca637c9,968,0.08533523093138184
dda65ea,969,0.08533510077441897
a2d8936,970,0.08530090704244209
aff7bec,971,0.0852371154461713
2a4130e,972,0.0852339259840198
67696fd,973,0.08521372894638268
f9a5b61,974,0.08518348953068444
2e30d94,975,0.08516843845157296
e76e568,976,0.08508547756215634
75be1e6,977,0.08504075062806082
0b1171a,978,0.08499190858299199
4bbd339,979,0.08498302443810413
98e4808,980,0.08495191413332637
12b175f,981,0.0849501669059668
842545a,982,0.08491634112606139
71a9ef6,983,0.08483500119831933
8c962d3,984,0.08473662613931332
0912109,985,0.08467617217543899
cf03eb4,986,0.08466944489137507
39acb3c,987,0.08466745253457275
43c245f,988,0.08464287329506182
48aea0f,989,0.08462284011905274
c103552,990,0.08461676036511512
5a7b057,991,0.08461449457889347
7876ab2,992,0.08457303291323226
6ebc0c3,993,0.08457076111253248
7e93d52,994,0.0845651626866698
d93f2d5,995,0.08456512189947007
6667430,996,0.08454312705552502
a60ae8f,997,0.08452625978861228
f93cdf9,998,0.08443610647927924
2a43cf2,999,0.08439680578396969
484b616,1000,0.08434554964534069
3379aef,1001,0.08426877275071787
e3846e5,1002,0.08426119949262667
46d3d90,1003,0.08425572508608092
a02241e,1004,0.08423763548298746
97bbbff,1005,0.0841930255549983
ab9150f,1006,0.08416626481881284
7d159d2,1007,0.08416416046671293
9674e79,1008,0.08412143605520594
82bf0e2,1009,0.08407148137032794
3e8ad05,1010,0.08401674096877187
530ed0e,1011,0.08395198355883537
4543b6e,1012,0.08392524033726623
4672d2c,1013,0.08391614642265077
f0f27f6,1014,0.08390206336706774
000ea0f,1015,0.08389452279427778
ab120bc,1016,0.08381414780518148
6fd56cd,1017,0.0837771239442281
552148a,1018,0.08372558161051036
97298c5,1019,0.08364128467449339
a97055c,1020,0.08363053215902738
66485d3,1021,0.08356743847439707
bc3e3a4,1022,0.08353908321618597
e13c794,1023,0.08352394009619468
2e526cb,1024,0.0835226979430469
8b93fb1,1025,0.08348915274065172
2146f6e,1026,0.0834801278996089
6a17da8,1027,0.08345762281527047
69eda8e,1028,0.08344927645477629
f067d0e,1029,0.08343266516245629
a453c7f,1030,0.08341422025320788
8d11b8c,1031,0.08338667340967909
c698f56,1032,0.08336139164911704
d06ac16,1033,0.08334474813828274
4d05d82,1034,0.08333232261477408
e963fa8,1035,0.08329778504644081
0c1e512,1036,0.08329509084761133
309b4b8,1037,0.08325130873044184
d790729,1038,0.08324726947182615
499da4c,1039,0.08322811293061294
4c6f8d4,1040,0.08322316708578748
77d3f44,1041,0.08320521278634374
f681fd8,1042,0.08319925833181374
4726b80,1043,0.08310266690706836
cb0c1ba,1044,0.0830889905626887
7fb0551,1045,0.0830734805240465
78b01c3,1046,0.0830528030938602
69e6c35,1047,0.08304983011128086
1668b77,1048,0.08296434453086643
f12e7da,1049,0.08291978836721414
f759f43,1050,0.08289168789708046
cc4824c,1051,0.08285561308042011
d5e2ff0,1052,0.08282881165348499
e79ee2e,1053,0.08279952681665192
93b0215,1054,0.08274073930161929
4857591,1055,0.08266903594381625
9c496e7,1056,0.08265268109186719
7d0e651,1057,0.08264578617495333
3dc40c8,1058,0.08262670415139184
8be30b0,1059,0.0826170541202923
1f77de9,1060,0.08256489781474574
365110a,1061,0.08249860863559111
2851a41,1062,0.08244309642399061
56b8040,1063,0.08241647606511915
0895c28,1064,0.08240067005209928
9dcaf03,1065,0.08238388182050405
8c8fd80,1066,0.08235097363347033
8b2d4bb,1067,0.08231180212667544
e7c8035,1068,0.08220405361000238
66527dd,1069,0.08215134226480125
bac7122,1070,0.08215102527270746
c21ecf2,1072,0.08211958353591642
3095bfd,1072,0.08211958353591642
d482348,1073,0.08208475453610764
5b3955b,1074,0.082026376072446
7baea8e,1075,0.08190586218719142
6b394aa,1076,0.08186443209931316
4f663a9,1077,0.08181601605781919
88d49c1,1078,0.08180943094421833
a396589,1079,0.08179675938550912
e43d4fa,1080,0.0817751938631367
807aaf2,1081,0.08177178673318453
ce86cc8,1082,0.08176264850320403
8635b82,1083,0.08169743420003828
0e298f2,1084,0.08168641285365752
3df5671,1085,0.081649170328986
ecfbb80,1086,0.08164750716795743
07663b6,1087,0.08163436362139254
5124211,1088,0.08159828703271144
a6d1f79,1089,0.08156312674347288
5ac15a7,1090,0.0815468939729106
25738b0,1091,0.08153297610668564
7dc66e4,1092,0.08145276047493122
6484b00,1093,0.08131766205968893
dce69ab,1094,0.08128166246421209
f74939a,1095,0.08126677427546991
d6f92e5,1096,0.08110984310409519
95aaad5,1097,0.08105284947631153
3f10aba,1098,0.08104966357602228
1d352e3,1099,0.08104466519237041
f48c280,1100,0.08102475478543303
de72651,1101,0.0810040121644855
e24d72c,1102,0.08099411661444589
98a4875,1103,0.08095897243879013
0dcb6c9,1104,0.0809527734560348
b7e692e,1105,0.08079247882830487
6aa71f1,1106,0.08073986551871326
2c153d4,1107,0.080712809596315
0af94b2,1108,0.08067737975399769
6f24713,1109,0.08061860038927937
86caf52,1110,0.08059665553805928
2c7ed40,1111,0.0805706492942907
e7ad242,1112,0.08049142213388671
f0e3cbc,1113,0.08040158301108402
b1e133d,1114,0.08036541055333324
ac239c7,1115,0.08034703188377434
b7ce238,1116,0.08027762663937732
2e158bd,1117,0.08019442137172517
375e358,1118,0.08017816129820365
4553519,1119,0.0801525654661196
74121ba,1120,0.0801508811295959
39c4d53,1121,0.08007730509274169
fcdaa44,1122,0.08006271525016073
209cd96,1123,0.08006046545849888
984bce0,1124,0.08001575499644131
f4e8209,1125,0.0799967032759964
167181d,1126,0.07991040418553552
dbf6ea9,1127,0.07988748313777938
8ff11ae,1128,0.07985965670144624
215bff7,1129,0.07984120496443903
e966682,1130,0.07983268591050408
3c3abc4,1131,0.07981025470142189
77d37f2,1132,0.07974965890617747
659c548,1133,0.0797268202832272
e9dd416,1134,0.07966601091918002
3b40047,1135,0.07965932039324508
22a391c,1136,0.07963882333524375
f17961a,1137,0.07961399990047768
a2dd166,1138,0.0796105841153284
b40c6c7,1139,0.07958744630857073
cfc1f8b,1140,0.07952420243006997
96fd67b,1141,0.07943330886006916
00241aa,1142,0.0793863290861837
9d5a6e3,1143,0.07938011295390202
fe4ea1e,1144,0.0793551325984504
8d251a4,1145,0.07932697402340838
2449a5c,1146,0.07932482915851213
747f250,1147,0.0793086707306363
84a8ef3,1148,0.07930541180998008
aadf06c,1149,0.07929866705288502
39dde4c,1150,0.07929430587443786
a095236,1151,0.07926919331611693
8851724,1152,0.0792589729456783
66ceadf,1153,0.0791707772905802
5b94859,1154,0.07910557324343803
37b0e1b,1155,0.07901128241248878
11dfeec,1156,0.07900601170352473
87f9558,1157,0.07898599653646898
7f82eef,1158,0.07890566575206226
8b28ad8,1159,0.0788713656240172
7607c67,1160,0.07884711621379126
be397ee,1161,0.07878856925420108
a3ed6ca,1162,0.07878578315656215
cfd45b0,1163,0.07876842963588337
4d27fdc,1164,0.07870120978654349
d21ed1a,1165,0.07864427003322971
2e92b34,1166,0.07860127486064483
d91c132,1167,0.07850330670809247
891002d,1168,0.07844017239002676
b70007d,1169,0.07840623717775275
28cb80c,1170,0.0783990683507555
dabc838,1171,0.07837027829368182
5af11d3,1172,0.07831241887102625
82acd68,1173,0.07827145498865751
2fea142,1174,0.0782657891930778
ff81c55,1175,0.0782253906739574
d002843,1176,0.07819638040747723
9bdcfea,1177,0.07817596779982627
953e4eb,1178,0.0781392934044639
7fbff50,1179,0.07812977593638748
fb87920,1180,0.0780941138089043
f545b42,1181,0.07804069802588787
3922e1e,1182,0.07804069042929884
c0319a6,1183,0.07803840223624847
936537f,1184,0.07801673529743547
f4801b5,1185,0.07801060191650866
c07a33a,1186,0.07799872090331561
3683047,1187,0.07794472010206877
6c43134,1188,0.07794421311506117
52ee613,1189,0.07794055031509406
38e2b8f,1190,0.07791197119976889
6059136,1191,0.07784864614209497
ffe67f2,1192,0.07783769966507892
abfa712,1193,0.07770323933787704
bb87784,1194,0.07765913813042569
20a9d89,1195,0.0776061259288483
c42af07,1196,0.07760364145597798
026a108,1197,0.07746325867049497
8e0f4d9,1198,0.07745660638714347
3587cc3,1199,0.07744512559106831
af4b8d4,1200,0.07736037747311664
cd97775,1201,0.07735069621004276
65b5439,1202,0.07729881674242767
c5e6df9,1203,0.07724619584407821
1464bbb,1204,0.07724191907649036
dee8df3,1205,0.07723302931876197
44ebf60,1206,0.07717706781114075
d745501,1207,0.07711516138494678
2353d80,1208,0.07707901564149089
6bae902,1209,0.07706826263543687
d34e8be,1210,0.0770562842496374
559c9ac,1211,0.07705186568762512
a6a4c71,1212,0.07697639020499969
b2430d2,1213,0.07696915316661801
24e8a19,1214,0.07691326869484494
4a77f08,1215,0.07688389350092495
09f7659,1216,0.07680176001955241
3ff1331,1217,0.07679069750183343
03ce555,1218,0.07668643525177055
eb4505e,1219,0.07667922224986967
ebf229b,1220,0.07666163585364105
7cbf319,1221,0.07661735623776933
7a89830,1222,0.07659226495311977
670fe84,1223,0.07657976749904516
d3d4d87,1224,0.07656648041989556
d39f3fa,1225,0.07654939175236897
27fb062,1226,0.0764483290064113
e2e55cc,1227,0.07638765597738262
e237d26,1228,0.07637905805790135
423077d,1229,0.07632954942392456
ffd701d,1230,0.07630136973412305
29a82b8,1231,0.0762921648018029
152b5a9,1232,0.07628921964477176
2792f8c,1233,0.07622963112210546
aa6d110,1234,0.07609654356417117
98edc99,1235,0.07605103368293054
c3b630f,1236,0.07603801454015402
b1ffe42,1237,0.07599983475701921
e00212c,1238,0.07590955174109693
7ec5703,1239,0.07587529718343788
f3d83b7,1240,0.07581554653558542
b7f82eb,1241,0.07581372924751684
9614c7c,1242,0.07578222209231678
01d1238,1243,0.07570380517026609
b3fd5d6,1244,0.07567869536208516
3151687,1245,0.0755933571219648
ec80fa1,1246,0.07554234787607339
49cc33f,1247,0.0754549809202778
f64a3f5,1248,0.07544889934315302
6ef400d,1249,0.07538301438025896
0ffb73c,1250,0.0753742352169261
a4b0d53,1251,0.0753650529097244
a08ed01,1252,0.0753603956476534
44293eb,1253,0.07533461054838497
49f54b2,1254,0.07532496465422056
8eee751,1255,0.07531206629283171
cc67102,1256,0.0753068402708571
8c978cb,1257,0.07529564145251
658abed,1258,0.07521624955223416
8d4d6cd,1259,0.07520298693156491
8b9b9a4,1260,0.075162880848332
62aa60c,1261,0.07514121362216608
d7e85b0,1262,0.0751354229574076
caa5796,1263,0.07508799033322144
1a40082,1264,0.07504217257037948
30a88df,1265,0.07494291674980069
33ab4df,1266,0.07491240845107916
f322be0,1267,0.07491221468508424
7760221,1268,0.07468442640704553
c6cc58a,1269,0.07458691696452335
6c2efac,1270,0.07455442117379141
17089a6,1271,0.07454982872264182
0d3b499,1272,0.0744775603955381
fa45534,1273,0.07446495636215777
cbe5eb5,1274,0.07442523553034075
3a76f8e,1275,0.07436782280925047
64f70b4,1276,0.07431200349682532
69b2d38,1277,0.0743022138677637
550f934,1278,0.07426821499134173
edb6e4c,1279,0.07426807544383396
e736b1c,1280,0.07422714879403669
04ba01f,1281,0.07406635337852374
3faef1d,1282,0.07404332948822945
616f796,1283,0.07403992184336661
2aee36e,1284,0.07401627174670566
e609670,1285,0.07398494226087071
d58006a,1286,0.07397254514753959
b286672,1287,0.07393603138788274
f1e920f,1288,0.07384996617985862
ea9bd8c,1289,0.07366013191940968
fbb886a,1290,0.07364798118303617
b8441ec,1291,0.07352415108512056
a555e3f,1292,0.07348790598617949
c9b771a,1293,0.07348318324384073
8077533,1294,0.07338998067474878
23705fe,1295,0.07337771420273664
22ee97f,1296,0.07333837194046544
e06986e,1297,0.07333800695634474
0b05c26,1298,0.07328345998337471
8a15e3b,1299,0.07328080522872216
c905820,1300,0.07323292559813166
793a500,1301,0.07308381035976419
d577973,1302,0.07305978280097714
87071dd,1303,0.07303286182274338
4b41128,1304,0.0729796315691632
1acbff7,1305,0.07288589516313448
869c65d,1306,0.07281523168369985
72e022c,1307,0.07279949839663402
abc28ce,1308,0.07279808556938427
027f494,1309,0.07275539222847138
89ac110,1310,0.07273538802637103
48cccf2,1311,0.07272209316322531
fe722dd,1312,0.07269327382032431
c827c30,1313,0.07262133638749779
5ce68c9,1314,0.07253483730050392
9c1eea2,1315,0.07251179148119513
5500c5d,1316,0.07249022552096451
3235d9f,1317,0.07246986182963999
1aba918,1318,0.07242145977775671
4abe047,1319,0.07229757949520244
16a9c4d,1320,0.07224010525207158
229c3ef,1321,0.07222204502692708
30994e2,1322,0.07213051386189773
25829b0,1323,0.07212461467068254
9360326,1324,0.07212269705858798
22dd6b5,1325,0.07209849085425846
116e0d5,1326,0.07208688819900988
b59cdd9,1327,0.0720568910429562
6ee4f24,1328,0.0720201895109347
ecb54ce,1329,0.072007687713464
eaf501c,1330,0.07200755919377644
4087fe7,1331,0.07196626397482797
e2bd9c4,1332,0.07196277600850753
6a6e135,1333,0.07186237237066118
6c49294,1334,0.07185542478540274
aa12315,1335,0.07182848701460709
2da5195,1336,0.07176086246026436
4373657,1337,0.0717537370279232
914b057,1338,0.07173649209691457
8980b60,1339,0.0716333956248858
bd7f6b0,1340,0.07158825038180328
7d6ca28,1341,0.07143285531471433
91d4f4e,1342,0.07113386293511259
f9733cf,1343,0.07111240850314537
5e66ccd,1344,0.07103576589922456
f4e6bef,1345,0.07102909464717755
c49ac6a,1346,0.07102392994221507
2335852,1347,0.07101309965683356
541a33e,1348,0.07101278825053514
aedd525,1349,0.07093295067528282
1836235,1350,0.07091797015371126
9d52e4f,1351,0.07090637202373351
1c95684,1352,0.07084446887011553
609b305,1353,0.07082696332588267
322c2af,1354,0.07074670772151304
31628ad,1355,0.07070653938204086
c559972,1356,0.07068746601601639
6022f67,1357,0.07067521308090785
1ae561b,1358,0.07062593455192556
c9b9fe0,1359,0.07061098814327849
1187462,1360,0.07059162996146473
9254487,1361,0.07057979511821622
5b4d241,1362,0.07057364100559038
3517e9b,1363,0.07050007042513728
3afe99a,1364,0.07049126491771229
7b76f5a,1365,0.07047188526034687
96c2482,1366,0.07045945735310011
6ada994,1367,0.07045433897179498
2e48f3a,1368,0.07029923992283016
5ac633a,1369,0.0702761876122826
c290637,1370,0.07026725361562236
9f8345a,1371,0.07024929410385938
b09e9b1,1372,0.07018950661863044
850c25b,1373,0.07015312527583428
2bbded1,1374,0.07003198427010571
e5a39d3,1375,0.07002114349384247
6842032,1376,0.07001353780894737
9947ca8,1377,0.06996635834126075
46ac406,1378,0.06990925693993255
f640b5d,1379,0.06984016116489977
8f4f620,1380,0.06979853536617209
69d9533,1381,0.06977430466519419
5e8beda,1382,0.06969729005566738
3b97e5e,1383,0.06966828004309544
0123fd5,1384,0.06965944837400606
805436f,1385,0.06961751006037797
8686011,1386,0.06952377629233375
d5bf6b4,1387,0.06950890176143054
ddb4d11,1388,0.06947631202522131
d8d30ab,1389,0.06938010845803944
fc66128,1390,0.06936899346539127
2bc4e29,1391,0.06934176936031788
cc9dd16,1392,0.0693397768771985
b67116e,1393,0.06931008858626864
117a12b,1394,0.06924629280955463
ec324a9,1395,0.06900346242737665
f78e933,1396,0.06896552147128854
eb3e25d,1397,0.06896164378214409
3e42e57,1398,0.06874656701611004
417b5d9,1399,0.0686963464666408
1046b0c,1400,0.06867746841619071
95ac6a7,1401,0.06865114668772854
0afccba,1402,0.0686083918449596
8f773e3,1403,0.06857764407052491
6300a43,1404,0.06851637638143548
1b63ec4,1405,0.06848512420091268
5595d49,1406,0.06846753416278761
bde7a3e,1407,0.06842458940984897
9f0fe0d,1408,0.06842046423933501
a4351e3,1409,0.0683946437501578
e88cd84,1410,0.06838818976800087
2d3b9a6,1411,0.06838403575685614
651f77e,1412,0.0683766710744903
3f0ff80,1413,0.06834425297536861
2581851,1414,0.06816880869578545
ff67789,1415,0.06815330874771874
9f0a537,1416,0.06814132971608111
3651a71,1417,0.06811016361383959
707dae6,1418,0.06807965337908062
1f7bf2c,1419,0.06805689534569781
c4f3804,1420,0.06802338818181963
5e1a997,1421,0.0678895814713395
ab9dfef,1422,0.06786611328861436
89c4568,1423,0.06781514054482563
360a4c8,1424,0.06780591971870897
ff4c862,1425,0.06774551284060248
c347531,1426,0.0677298887666582
c2c1501,1427,0.06769857974607874
db506a3,1428,0.06763865017859472
441e271,1429,0.06757545093881034
8cf0811,1430,0.06754005539831076
1be1c26,1431,0.06753093014968004
6924915,1432,0.0674431691471633
1729698,1433,0.06742974723394646
be9ed0f,1434,0.06740518171788057
5e63746,1435,0.0672458189024433
887038f,1436,0.06719124970348522
56a371c,1437,0.06714374356431241
04a9097,1438,0.06711704767141546
001f028,1439,0.0670905674908614
4b06573,1440,0.06696186216946054
c590fe5,1441,0.06673619669168962
26d8656,1442,0.0666680055760619
026c346,1443,0.06659019079710704
70ca601,1444,0.06657602668948404
8bcffc6,1445,0.06643617893951859
546916b,1446,0.06642967394038479
c6d6e3f,1447,0.06631044173699707
7433d30,1448,0.06630573126746875
4597738,1449,0.0662825094560765
9c4cd37,1450,0.06624685766548732
86a7d25,1451,0.06617548661418782
68e0061,1452,0.06612462863905533
0e47f1d,1453,0.06607979305707501
5e58d4e,1454,0.06606427361689904
d728e38,1455,0.06594674981248816
675bb61,1456,0.0659097168450411
97dd801,1457,0.06590684306304406
0ab5891,1458,0.06590555817406807
a5eb0d1,1459,0.06585658976207631
3768257,1460,0.06585009429979383
1b8eef7,1461,0.06582989482654689
d6ac4fe,1462,0.06582178198033528
b489cf1,1463,0.06569943632941766
ed37dd1,1464,0.06565583369997241
52bbe38,1465,0.0656005634006368
68689cb,1466,0.06557468231336827
2c90b14,1467,0.06553347434555934
9959716,1468,0.06549660858363171
07dd370,1469,0.06540813182189609
b8086ea,1470,0.06535893207496402
2540311,1471,0.06534174151708205
251c596,1472,0.06529741777081477
f78951b,1473,0.06528594910601337
58a7ca6,1474,0.06527131008318543
4cede4f,1475,0.06526774024188409
5b3bc3f,1476,0.0652373815173749
ed1e171,1477,0.06523335044749845
1787218,1478,0.06523236078025085
71992ff,1479,0.06518788866525915
a79f4be,1480,0.0651068944349612
2d3fee5,1481,0.0650615769740468
d12de27,1482,0.06498968609140299
1c5d620,1483,0.06494343584663254
132858a,1484,0.0648862719080715
5fd1037,1485,0.06488240923000443
3395eb6,1486,0.06488012087060913
140d131,1487,0.06472237783305157
6fcb008,1488,0.06472114542188634
b31b4de,1489,0.06469333003074151
384daa7,1490,0.06456174837954176
52666da,1491,0.0644907282406253
8f27d98,1492,0.0644083146200558
2b8ec0e,1493,0.0643607370079955
a857aec,1494,0.06433004191661751
5c522db,1495,0.06429611728012108
e859f6f,1496,0.06425943370418274
911b2d6,1497,0.06421531831743699
9762fa8,1498,0.0641828733425831
22784dc,1499,0.0641493772146684
1e05702,1500,0.06410880729043389
c498ecb,1501,0.06401624665932948
7efb21a,1502,0.06398927989921643
6109509,1503,0.06398253273752008
b52343f,1504,0.06388922037818956
89441fc,1505,0.06388619088607961
ca55343,1506,0.06380908095208226
52ecbc6,1507,0.06358258297154984
a486b83,1508,0.06353889965000903
6dd9635,1509,0.06347832840172674
2104037,1510,0.06344688832103973
36a890d,1511,0.06340857983267745
5b55e9f,1512,0.06332135440840425
4c3e79c,1513,0.06325913952178053
43cece8,1514,0.06323137592887018
4772bb0,1515,0.06316430662051364
98d279b,1516,0.06316252092018315
ac2b4db,1517,0.0629958940327301
9531ae5,1518,0.06292061034491703
5f8de0b,1519,0.06286806124934907
7bfdbd9,1520,0.06285817789599635
7a4877f,1521,0.06279669342938787
6641663,1522,0.06272485437973685
294c6d0,1523,0.06253149758455134
69c3608,1524,0.06252384529483257
55e1258,1525,0.06246424222513691
0eb41ca,1526,0.062453291800966815
d768bbc,1527,0.06240072232442406
aebca72,1528,0.06236659110117371
0bc5bc5,1529,0.062255734699859566
15518dc,1530,0.062236712711585485
e8c234a,1531,0.06221575732893292
19965a9,1532,0.062188918582246955
336a54f,1533,0.0621854137440121
686a1da,1534,0.062170532838289216
67316ef,1535,0.062071512175485344
1c891b3,1536,0.0620422356490794
72988fe,1537,0.061890408862350865
d3ea99b,1538,0.061877978270616696
f2a212f,1539,0.061869770078752495
55d1c81,1540,0.06174082301917205
f3335b1,1541,0.06165840159410374
5b37217,1542,0.06156466715966902
945d662,1543,0.06151401833292247
643bd64,1544,0.06150262875090817
1f4bd3b,1545,0.06143537344483274
f147cca,1546,0.06140578946436692
20657e0,1547,0.0613940468174039
2d3ddc8,1548,0.06139048059776109
3c757bf,1549,0.06138904253000921
9d14858,1550,0.0613724411088562
6667af4,1551,0.06129811886744174
c1181ea,1552,0.06117989206158114
6a2378d,1553,0.06099342237379701
195757d,1554,0.060918451778910865
c28d0ab,1555,0.06080808034097718
4191b88,1556,0.06074657681059248
c197158,1557,0.060672571167076805
2dc2005,1558,0.060654401875549824
495f6cb,1559,0.060654237287450785
134e26b,1560,0.06059921306904714
d5dad76,1561,0.06057249449687663
65714d6,1562,0.06055179262426624
fa4efe6,1563,0.06054196333284978
79b90b8,1564,0.060472285878285015
3fc8aba,1565,0.06040826654719955
9e421f5,1566,0.060397200096411696
5d9614c,1567,0.060386026051902686
b3b74ce,1568,0.06033839476052427
ad20fd0,1569,0.06033395265334607
2c01268,1570,0.06032933528232376
c7c4931,1571,0.06031769549962307
45be5ea,1572,0.06023439674251663
af21c37,1573,0.06009285713164447
00c3d73,1574,0.06004493379455067
f93e5b6,1575,0.0600395005671055
a35b095,1576,0.05999899116603469
1288c2a,1577,0.059959931775519726
be7c3f2,1578,0.05995759291457581
4ee37cc,1579,0.05994106271652577
555c3fd,1580,0.059912314448975934
5fde503,1581,0.05983459685797987
d6227f7,1582,0.059790510093707616
d43115b,1583,0.059679780267064
08473c8,1584,0.05966582644368801
4ea84dd,1585,0.05961231499766262
92087fa,1586,0.059609620603122804
d80fcc0,1587,0.05958618160971296
7deaed5,1588,0.05958347462526714
46da17d,1589,0.05952863340161607
a8e8245,1590,0.059493910382070414
e97b7c7,1591,0.05942307465915153
660e7b5,1592,0.05937619025392149
1ef3fba,1593,0.05937191063670544
2d6e1c7,1594,0.05935343039032703
796ac7f,1595,0.05928199884406227
6d49795,1596,0.059211814802541785
64d2245,1597,0.05896316357646714
2a826f9,1598,0.0589544349576655
70baa09,1599,0.05887525952102912
7d2d84b,1600,0.058737552200293086
b291781,1601,0.05864990019121419
db3417d,1602,0.058588805690497736
c64b935,1603,0.05857247382770625
faa13f6,1604,0.058514952319579816
3ca6c3a,1605,0.05849295596355886
910affc,1606,0.0584791077104595
5912a2f,1607,0.05844312820244457
5c4ba56,1608,0.058171136852046
26dfe37,1609,0.05812522296382161
86324f4,1610,0.058016178376804506
b30eb41,1611,0.05797394209099527
764dabd,1612,0.057916661471310915
0a709d3,1613,0.05788723845664101
effb8b8,1614,0.05786543464171645
038eea2,1615,0.057855940863929645
93252fd,1616,0.057828225396401534
6938aaa,1617,0.05769761578846633
77efc4f,1618,0.05754699268017349
1003a7e,1619,0.05735912271112886
580a07e,1620,0.05734366235001609
22f6cda,1621,0.0573269865897752
18251df,1622,0.057239418190497826
b2be020,1623,0.0571856108373584
c080c66,1624,0.057164990208178335
7675b68,1625,0.05715797368742792
257f832,1626,0.057148605405828556
8b6a808,1627,0.0570322684825566
7a1286e,1628,0.05701939452307392
8ffc76e,1629,0.05698462581633368
45e90a3,1630,0.056983865481491036
7edd29e,1631,0.05696503281470955
5b2dd4b,1632,0.056897068068295975
6ff3409,1633,0.05680250900483608
1d806d5,1634,0.05678970264052585
490438f,1635,0.05677433660053999
21e7b4e,1636,0.05669673952239207
707dbdf,1637,0.05667951411245631
5b7831b,1638,0.05649069563996312
016ab72,1639,0.05625634848965155
33a5476,1640,0.05624400427471843
ea47e4d,1641,0.056213895910572576
64bdecd,1642,0.05602805956273338
8416f4c,1643,0.0559525783463487
0646d2d,1644,0.05588933511136318
cdba7e0,1645,0.055863980992277296
871bca1,1646,0.055769218736414494
e94b5cc,1647,0.055691802414364
b823ff3,1648,0.05567051891846253
5532991,1649,0.055660465254463665
510ff24,1650,0.05558353989293885
4a1a31c,1651,0.05549727327691778
e453416,1652,0.05542096664475926
0ee671b,1653,0.055417377073121554
ecd0a77,1654,0.055361171718999014
41f2a99,1655,0.05533071577454429
29312d9,1656,0.05516228746721907
afabee8,1657,0.05506115044494686
d668cb9,1658,0.055054122007663686
9f19220,1659,0.0549935369413439
5709ec1,1660,0.05495008148798486
10363af,1661,0.05485676651594251
4e976ac,1662,0.054823260497770976
468118e,1663,0.05481860272953287
caffcdd,1664,0.054668836533052656
b089412,1665,0.05458963858796395
4bd29c6,1666,0.05454379044341129
9fd41e8,1667,0.054461952466629104
e262606,1668,0.054328284177626585
9adfc80,1669,0.05423040159362835
811e9dc,1670,0.05394529662353287
a65a72e,1671,0.05387708239320077
3f92a88,1672,0.05383416004676844
10587cd,1673,0.05381137849564854
529825d,1674,0.05372413666426812
35205c5,1675,0.053629064325179554
fab467f,1676,0.05345685023122326
d04243c,1677,0.05344007186185262
d6f8f60,1678,0.05318244477549683
d25e2c3,1679,0.05313768502440397
1f940f9,1680,0.05311195379501188
4fe9831,1681,0.0530813987723443
175e998,1682,0.05302935712609336
ff08ec6,1683,0.05285210171476362
b12d1d6,1684,0.0528494715667277
162c806,1685,0.05277758869535143
d48e656,1686,0.05274821309825284
5872088,1687,0.05267461894490988
7a1ffc0,1688,0.0524092249357857
6c373f6,1689,0.05230311472320892
b3a25b6,1690,0.05228529504381141
81a2c70,1691,0.052284809597132664
b7c2861,1692,0.052279431395974685
41abf3b,1693,0.05224785404452836
5f03c68,1694,0.05220832765511263
bf8fc45,1695,0.05214032563505189
a2153e7,1696,0.05212899547709793
86fc0c5,1697,0.05198645954006498
1eee00a,1698,0.05196515500467935
b74589e,1699,0.05190079163303163
b14f33a,1700,0.05187482456200476
b306cef,1701,0.05181608897217216
12e777c,1702,0.05166132043513694
01470dc,1703,0.05162349561733748
f470088,1704,0.051552146314595926
17d1433,1705,0.05148056877699969
0d3e179,1706,0.05138509083981935
789f923,1707,0.05128062359202912
2fe0426,1708,0.051248452394109245
f93b77f,1709,0.05121743556665781
dd220d3,1710,0.051173549529009876
b8d68a9,1711,0.05110946988124776
e5d3e5e,1712,0.05103837040132553
32c0f8b,1713,0.050983564115484103
f2c0cb1,1714,0.05095242544938827
ab11c6a,1715,0.0509282732130768
ff625e7,1716,0.05077437265208007
6090aa8,1717,0.050674398061810955
1cc7020,1718,0.05066989450595427
9a05def,1719,0.05060302506834036
a4f32ed,1720,0.0504806084664664
de195d1,1721,0.05037919917739997
c1db3fb,1722,0.0498553601400209
4cac8c1,1723,0.04980834447814053
624d38f,1724,0.049806239557512844
7cc4ff4,1725,0.04972449749087304
c087274,1726,0.04965182215774877
b56b884,1727,0.04961685372854474
07f1059,1728,0.04954522809669226
a417952,1729,0.04926167530722236
7d4ad33,1730,0.04908660187293967
6ba7fd9,1731,0.04908213491763458
c7711ad,1732,0.04893940532580843
c33365e,1733,0.04891709504394037
ad342be,1734,0.04887134745988364
ef5af6d,1735,0.04878869088243243
b71581d,1736,0.04878366551438573
29f4990,1737,0.04872271456549582
95a4bc2,1738,0.0486272490326054
f184e98,1739,0.04849541976520644
a71c9a8,1740,0.04838710185768136
9d1fbeb,1741,0.04810416335546508
da6f5c4,1742,0.047905150893183146
b494aff,1743,0.04783087662186414
c76753c,1744,0.04778969558552304
00e6fca,1745,0.04761233017312427
3d50e64,1746,0.04745348545220729
724b9cd,1747,0.047403334575721656
34e4616,1748,0.047402533718217676
8e9c24a,1749,0.04739397751025687
afa005c,1750,0.04725356933788771
c722073,1751,0.047166005245410814
8ab4ecc,1752,0.04716305838617052
8833da3,1753,0.047122309736283396
d04e35a,1754,0.046997550465910254
0b3f6f9,1755,0.04698159928129286
5331b91,1756,0.0469303169067401
f86b892,1757,0.04668629925362722
e8eafe7,1758,0.0466609633919961
93a26fd,1759,0.04643985156848984
f39bbdd,1760,0.046354031659304185
e409340,1761,0.04633673567257657
ad81e99,1762,0.046215971933927014
749d75c,1763,0.04615336576265516
34de1a2,1764,0.04608621202662899
de6bda7,1765,0.04593952854882655
8d49a06,1766,0.04592527044420991
51344c0,1767,0.045894342082644646
027442d,1768,0.04581969348970805
8abd1d9,1769,0.04570543496520063
b9e8443,1770,0.045476700810481385
c5bd643,1771,0.045317345901789485
f8595f1,1772,0.04525655823630814
6c66306,1773,0.04499442339146076
ce04f95,1774,0.04483740539537717
6307afb,1775,0.04473132405840363
9150994,1776,0.044669164384958715
58171a7,1777,0.044602546109482
2daa009,1778,0.04457633542258521
38ff9f5,1779,0.04446829514159223
656e881,1780,0.04431888620838187
eacdc4c,1781,0.04419448040100027
3fc66a9,1782,0.044084193641478864
7c44f22,1783,0.0440793391672194
b7d0c3e,1784,0.04397293272987568
0de0e06,1785,0.04389398787086907
dad3100,1786,0.043848283240629726
92d3cd3,1787,0.04382034422577297
9548f86,1788,0.04330261272057245
4b65a99,1789,0.04315065081257585
1385aee,1790,0.042896239279775705
cf7fbf8,1791,0.042802288769834496
0c96fde,1792,0.042584737922599425
4482d47,1793,0.04245900450935669
1b18b43,1794,0.04236549641972287
ba32a73,1795,0.04235570057584648
746e264,1796,0.04232919571544502
1868857,1797,0.042183581511419765
6f7a86b,1798,0.04215793346161756
37880c3,1799,0.04206161276231135
4e0dd9c,1800,0.04201949924364401
15715d8,1801,0.04160366546288219
62581c6,1802,0.04155014941031254
7287c0a,1803,0.041528718894754846
13fa93d,1804,0.041437813875931706
c8e5f7a,1805,0.04120218963798228
1a7ba5c,1806,0.04090138156104017
220d93e,1807,0.040718776548838154
548ba78,1809,0.040536811180878596
466079a,1809,0.040536811180878596
9857524,1810,0.0404110461515691
e739fd0,1811,0.040398858508518654
534a679,1812,0.04005168551930749
0884a4c,1813,0.0400294851955314
66dd355,1814,0.04001621075701334
d17262c,1815,0.03979699079234744
c4f0d59,1816,0.03974428648585915
b2a304d,1817,0.03971759746308268
1ff6d36,1818,0.039613351947275444
1af41ab,1819,0.039568304083694605
b89b519,1820,0.03950237879440022
30774e4,1821,0.03943585928427673
05920e5,1822,0.039357648814875024
32fe250,1823,0.039344978655271534
a7e727d,1824,0.03928142454958261
43a5523,1825,0.039272501360566814
b21033c,1826,0.03925637680784411
de684ba,1827,0.038944571525317495
9925370,1828,0.038909240333993456
0b90ace,1829,0.03884641469229877
b27315c,1830,0.03863465166605451
4fbbc47,1831,0.03860890315356291
c802bfc,1832,0.038592664295306944
57c9d6f,1833,0.038510038936888535
f65f91e,1834,0.038324297867312396
3fdc9e9,1835,0.03826717095505172
a54f481,1836,0.03824922999189728
973bd3b,1837,0.03765468855304255
6e85a91,1838,0.037435926845879264
35f5127,1839,0.03729510537731773
6736f3b,1840,0.03721517968150856
b80dfd3,1841,0.03712964921449158
0f40029,1842,0.03707456622012251
f8b8799,1843,0.03703155271138392
cf26186,1844,0.03687103945549963
92a336c,1845,0.03677215688156765
1c438ec,1846,0.036704056975580324
f6d4c4c,1847,0.0365323365994632
08969b2,1848,0.03652254231278118
f0a879e,1849,0.03642374986108032
fbd5347,1850,0.03639777919992737
b9ae272,1851,0.036338193749016034
acc3c45,1852,0.036337417484666124
9ac26e8,1853,0.036280908979031024
be5d0bc,1854,0.036191121089403366
4c2ce45,1855,0.03604660563785533
3aeedcc,1856,0.03600160438640987
5a0efdc,1857,0.03595822668036919
844293d,1858,0.03584655866418107
522f183,1859,0.03562969916477732
6673100,1860,0.03561233475575365
4dc7e89,1861,0.035599718675847436
237e6ba,1862,0.03559706658492623
87a4a3c,1863,0.035457082776578996
04789cb,1864,0.035421185573167424
1787d7b,1865,0.03540670900470411
bf83294,1866,0.03534791169065765
b8f8043,1867,0.03521632892213078
5cb3877,1868,0.03511353054764521
9a422eb,1869,0.03482681251058617
7af81c9,1870,0.034818112554786396
42ce95e,1871,0.03479950329175485
e2182d4,1872,0.034786643126471395
9a0099b,1873,0.034733458561674424
fe33d64,1874,0.034523721775189475
b59aedf,1875,0.03447162314507268
7839b1f,1876,0.034354730568128766
54cd800,1877,0.034139328135514235
46dcb71,1878,0.03410185337524818
450a147,1879,0.03392338587500987
6b4e18f,1880,0.033911890651345256
d18ce34,1881,0.0338810754920863
00e9a3f,1882,0.03383007846946573
20ffff1,1883,0.03378392007342934
afd09d5,1884,0.03371898012977348
915f3c7,1885,0.03362505342475508
559c983,1886,0.03355101068218347
7bf1eac,1887,0.033548350245810266
a2e3b15,1888,0.0334332650864646
b5f218d,1889,0.03324386387588496
f957970,1890,0.03323939833330458
b3940c8,1891,0.033209908847072644
4b6962b,1892,0.03320092610762149
a449aa9,1893,0.033195446555270736
a7d46a5,1894,0.033157672677559424
c8ab139,1895,0.033104743710456574
539dac6,1896,0.033066267137510263
4fcff83,1897,0.03306206800491407
8117fbe,1898,0.03303627292543754
00856a9,1899,0.03302457039637963
c055421,1900,0.032950084187226225
8168f57,1901,0.03294722942680606
ba06779,1902,0.03286886935091382
42c7587,1903,0.032856989443043605
b01e2db,1904,0.032640314126130554
b4c2185,1905,0.03263107547252653
18a6a1d,1906,0.032616472535295205
a68c230,1907,0.03255976385960535
1450257,1908,0.03254036853220599
6b5232c,1909,0.03253719839560598
528931c,1910,0.032505343381413976
2316d52,1911,0.03250308868212137
40e45bb,1912,0.03247771566050861
c81d4d0,1913,0.0324549275116075
7cc6ac2,1914,0.03239662071239613
d27d503,1915,0.03231988811439246
859c342,1916,0.032312439799768056
9167c00,1917,0.03221822836364774
585c473,1918,0.0322174975568984
7d5af6c,1919,0.03215503293575894
9b04e62,1920,0.03214452451150995
262686d,1921,0.03214018485767722
9b02c67,1922,0.032052518938519126
dd08aab,1923,0.03205105700088251
e682d88,1924,0.032040142134346805
b8315bb,1925,0.032016902056382524
303a90a,1926,0.03201315056386567
f5e4765,1927,0.031966380432932096
98b34dd,1928,0.03196470492414216
de90935,1929,0.03194368997430652
5ae5806,1930,0.03191654424732149
bb8f21d,1931,0.031867439896334004
5b4c4d0,1932,0.031821477212928606
7650b5a,1933,0.031795745542699816
02edf8c,1934,0.0317853575083592
a55628d,1935,0.03175510254718894
3d17a2a,1936,0.03170369840915355
187a779,1937,0.031634727224154724
64bb372,1938,0.031580647951039875
ca5553d,1939,0.031567049745887976
5a948f0,1940,0.031532990534193894
1e07047,1941,0.031364099786715616
2502408,1942,0.031343307672380694
632309d,1943,0.03133308722572281
84d29ad,1944,0.03130739635109814
aa7c8f9,1945,0.03128518794092272
7a39cd6,1946,0.031280961027452925
1113999,1947,0.0312766465356209
71546f3,1948,0.031244567135073287
31baadd,1949,0.0311802638862132
36d0c1e,1950,0.031174063083325265
508cff5,1951,0.0311266715017241
75875df,1952,0.031067174835489375
7a0af7a,1953,0.03106385026614411
8d37e73,1954,0.031049654702727914
dcbc30c,1955,0.030990576509585477
1a85d5b,1956,0.03094058789996945
36c8101,1957,0.03089215355610797
7284298,1958,0.030788295423329837
343636b,1959,0.03072968303012713
bd00267,1960,0.030712011461254685
04e571b,1961,0.03066550837756654
4a00033,1962,0.030642178773133355
7e98b9c,1963,0.030612982714774972
73e29a4,1964,0.03058844881586631
8832cf0,1965,0.03053964714168056
2130492,1966,0.030534492009732905
58c3e4c,1967,0.030527845166778422
68bd437,1968,0.030524283290714993
ae36174,1969,0.03051638812588775
05a61c7,1970,0.03045289665913653
54bdf2e,1971,0.030452394854901366
f04270c,1972,0.03039642101201201
a398e25,1973,0.030394116370275004
add71e1,1974,0.03036179807475392
f4de655,1975,0.030307058351385696
3b6534f,1976,0.03029537173931174
2d892b1,1977,0.030274706746763136
e864fe3,1978,0.03025220131860118
832430d,1979,0.030198828024640134
1857a4d,1980,0.030169590509507738
aeae02f,1981,0.03015335411397768
d1d118f,1982,0.03011449938748134
4a80cb6,1983,0.030076604595525303
62915b2,1984,0.03003845788721493
2dde520,1985,0.030027064359620548
b7d0c17,1986,0.030014946043385393
fe981b2,1987,0.02992655426555002
e8ecf3b,1988,0.029911203107956807
24c113d,1989,0.0299049727340317
a6ea6d9,1990,0.029825763970019348
8fba5aa,1991,0.029734786400596458
88f6521,1992,0.02969714134113932
2d98dd3,1993,0.029677431789282283
2b0f477,1994,0.029648942750318152
9c7600d,1995,0.02958584969441591
9d3ed3f,1996,0.029575461057563368
df8b30a,1997,0.029552863018221576
8b47d9f,1998,0.0295267843188336
6854432,1999,0.029500271533062228
e42c68a,2000,0.02947096725959497
06b561c,2001,0.029446244023247248
26f4238,2002,0.02942856093290891
109dd91,2003,0.0294036466847718
64daba1,2004,0.029400822739378052
87ff82f,2005,0.02936289513100776
08c7218,2006,0.029342401748494562
02dd4a0,2007,0.029334585965105187
07a296a,2008,0.029318303163812565
ffc432e,2009,0.029281158456875733
2f883c3,2010,0.029257944739990438
2ee47e5,2011,0.029246627714320406
a6de8b0,2012,0.029221204743944518
4aa490c,2013,0.02921480660823539
3f98ae7,2014,0.029152585829252953
90d4e1d,2015,0.029134317121010223
11f165c,2016,0.02910743230404722
0e8919a,2017,0.02908310996325658
b76b09b,2018,0.02904115314181399
13e05b0,2019,0.029032620937115006
fbaadc7,2020,0.029024901343209786
babd89b,2021,0.02898738498321285
8633ed0,2022,0.02898063521449723
2ba05c5,2023,0.028961816818373176
6b2a3bc,2024,0.028946584945372722
6d8fd42,2025,0.028927826331736517
8b8c01a,2026,0.028917744611215435
a9250a5,2027,0.02891172610664583
14ce068,2028,0.02888725999880115
f7466a4,2029,0.028806226019312153
c017fec,2030,0.028786177895001597
f955c10,2031,0.028761961856936247
b8b6cc7,2032,0.028758072228675102
b4f18d6,2033,0.02872909791072953
2968d47,2034,0.02872549742969366
31de021,2035,0.028705316215185683
7b2cf11,2036,0.028696945194069623
6abea36,2037,0.028695648605380986
23386f9,2038,0.028669311239590822
f8c83c6,2039,0.028651893323245914
1c707e4,2040,0.028623807798595968
5b9526a,2041,0.028589934860054456
1e9ad9e,2042,0.028573136894778584
d885b40,2043,0.02857014890341436
d4fe5ff,2044,0.02854703993308838
155a2e4,2045,0.028536256880184463
a7b1a37,2046,0.02848888167073127
e8b404d,2047,0.0284851537906754
c1c9318,2048,0.028456383523909112
2f853df,2049,0.028431455725838384
7dc3e32,2050,0.02841770486612205
8d1ce67,2051,0.028410318628346753
dc451bc,2052,0.028392380663941452
ef21ae5,2053,0.028387775408533655
620fc21,2054,0.02838510289734253
c1c7968,2055,0.02837615112781966
e7a8def,2056,0.028373501310069216
4845032,2057,0.02836508246997682
1d9ecb5,2058,0.02834893550011275
3f8896c,2059,0.028332994855989502
97485ec,2060,0.028303046972911194
43b118d,2061,0.028294784250971428
079e4b1,2062,0.02828685550760679
86e2693,2063,0.028280610281889773
1ad5e8d,2064,0.028263784643883128
24507d9,2065,0.02825014630970135
2d2dc4e,2066,0.028235407275714608
ae42c71,2067,0.028171094705770505
eeaba97,2068,0.028168016915875782
4c2a5e1,2069,0.028161987404476174
f047a5a,2070,0.028087055577261433
e06d214,2071,0.028071937737426444
5a15ca2,2072,0.028037420835323568
159e817,2073,0.02803058550097881
25a1be0,2074,0.028011526566196654
75c946a,2075,0.028011305422173227
1db77d0,2076,0.027997183577942675
edfe20b,2077,0.027983286864535217
eb7af23,2078,0.0279570280113981
c04153d,2079,0.027933663458992064
a455a43,2080,0.027898874114555716
008fd1c,2081,0.027892679002664678
f820d71,2082,0.02785079374805921
6d81822,2083,0.0278450631933147
12d567b,2084,0.02780575094341753
c480d8d,2085,0.027778482436902174
5e08489,2086,0.027776693301018063
3c674ed,2087,0.027759623507680242
20e68ec,2088,0.027698936820342634
5a88aa7,2089,0.02768985801188384
8ad57c7,2090,0.02768876845960455
2908d87,2091,0.02767473143305965
c496573,2092,0.027670935333641844
7c51d25,2093,0.02766566254331493
262e522,2094,0.027656414794739015
2a7d1ab,2095,0.027655369615079417
7451ba0,2096,0.027644727637073485
ec82f50,2097,0.027623271574193975
998b42b,2098,0.02759781384418447
de70209,2099,0.02759134264401608
f3c23f7,2100,0.02759065959446605
d001a8d,2101,0.027590643189005504
c158532,2102,0.02758500676347142
0825ddb,2103,0.027540894817705497
3844341,2104,0.02753183418138183
138f9de,2105,0.02751414307657052
ddc91a0,2106,0.027497905381237087
66e0eda,2107,0.027495254195624486
4c7bdf2,2108,0.027491299065057317
e77e365,2109,0.02747776704380467
580ef74,2110,0.02745778748255978
3a24ffa,2111,0.027445491242888198
7dfe089,2112,0.027438336178170375
47a5891,2113,0.027409824186715226
efe55cf,2114,0.027409367218448444
0f6fb09,2115,0.02738448458162379
ab81376,2116,0.027381054103082003
ec197af,2117,0.02737382845689318
29a4ef3,2118,0.027368905225768736
667bd0f,2119,0.02736754264217367
93d736a,2120,0.02736065167264956
a55b07d,2121,0.02735486646159746
50f7b78,2122,0.02732089313117192
9433e71,2123,0.02731269763162303
9690107,2124,0.027312095285298654
245362a,2125,0.027308416527974
059b814,2126,0.027288584500263058
f4cc8e4,2127,0.027279178048250974
22f3a08,2128,0.02727581724737127
809a382,2129,0.027257751212550807
52257f8,2130,0.02725049948635483
6dee7d4,2131,0.02723252735564141
9465f91,2132,0.027220019787202232
2cc3dc1,2133,0.02720969180670474
7078f43,2134,0.027194981926251582
0413466,2136,0.027193599845953154
1ef594d,2136,0.027193599845953154
06dadd8,2137,0.027183023662003758
c7eca49,2138,0.027178491270434257
23cf56d,2139,0.027172864576308187
ca13ac9,2140,0.02715568939167945
00a4175,2141,0.02714252590557653
ff64c30,2142,0.027138516046768868
c2824ce,2143,0.027137997061938313
5c46a57,2144,0.027118951613771425
d138c5c,2145,0.02711040140553933
16b5030,2146,0.027090490045531435
31134b4,2147,0.027085058384349936
4c1e16f,2148,0.027069441876751643
679554c,2149,0.027064194234268535
b6028fa,2150,0.027062508816530495
ef45cb8,2151,0.02704860911908402
5c16d96,2152,0.027044154371572704
4e64a31,2153,0.027039675878879676
4e4a3e3,2154,0.027037317977546493
fa27d5e,2155,0.02703326049721344
dace906,2156,0.027028587767454315
fb01427,2157,0.027026938424564717
9b06d38,2158,0.027017465776557947
a230baa,2159,0.027008506726291404
583972a,2160,0.026984107320658812
8ab7711,2161,0.026979925461518506
e2b3dbe,2162,0.02696596723581235
59a30b4,2163,0.02695428537565625
1fe272e,2164,0.026949929241842585
bcb1a5d,2165,0.026928095235368765
d0433a7,2166,0.026913580022709716
5061aa1,2167,0.02690148758997435
5a70e1a,2168,0.026882114491752707
e8e72ae,2169,0.026877502194638137
ab2a786,2170,0.026868884243938962
c5ac973,2171,0.02686728240743541
b88400c,2172,0.026852301951873714
96844d1,2173,0.026847359747687483
8ec6650,2174,0.0268310324356843
461d73d,2175,0.026817642913308126
321cf8c,2176,0.026816862803229813
7d2a441,2177,0.026813328570685635
5d2e2cb,2178,0.026799360648534165
c8c11a4,2179,0.02679035945198871
56f2322,2180,0.026786720237276018
5d1678d,2181,0.026777601953833385
a28ca57,2182,0.026769528071309168
d3f3c45,2183,0.026756407208618604
da99b26,2184,0.026754910865853687
6700b61,2185,0.026741776174998733
b80333f,2186,0.026739987894941475
db0f810,2187,0.026733991041723693
aa5add7,2188,0.02673226347188007
02735e2,2189,0.026731903629370835
9284749,2190,0.026728300404320837
34d44d5,2191,0.026709530386006874
9a10c24,2192,0.02670807800708308
bc018d6,2193,0.026685130786102018
38ef26d,2194,0.02666951537359663
b762218,2195,0.026668185158968627
b549eca,2196,0.026655418165529965
5cf52d6,2197,0.0266522437435619
58b8b27,2198,0.02662398076112793
b54e51d,2199,0.02662376755248208
ee43241,2200,0.026605327370729737
399ccd7,2201,0.02659414734624843
a69469f,2202,0.02657775524654482
c956cb7,2203,0.026565375142221792
d3adbc3,2204,0.02655069484536643
5afc383,2205,0.02654029396318891
af7a993,2206,0.02653892409604497
7bd6ac9,2207,0.02652310333027952
7b7e141,2208,0.026518270180113213
686146c,2209,0.026503446530019348
70674fa,2210,0.026492686261941234
9eeebbb,2211,0.0264740029347581
ac1f92a,2212,0.02646250540340711
6c7d2cd,2213,0.02645588021015277
894019e,2214,0.02645078281380797
859bc9d,2215,0.026447747201991945
f9e7db7,2216,0.026442847456700003
372eb11,2217,0.026442409415672108
c5982f2,2218,0.026441750900668026
08fc255,2219,0.02643960513651089
58786c3,2220,0.026428775765336754
41e228e,2221,0.0264239024193057
1206325,2222,0.026423520025784297
8534ad7,2223,0.02640703296888003
7eea764,2224,0.026406899591810085
99d241b,2225,0.026406328997033546
c165df9,2226,0.026405821006995955
f5529dd,2227,0.02639468845138815
d141375,2228,0.02638904347696791
fcb304d,2229,0.02637655311822351
a55420e,2230,0.026349688863437026
3074bec,2231,0.02634453901772371
cc67733,2232,0.0263386432350583
38405b8,2233,0.026322144359714472
7f1732c,2234,0.026317371255480393
01c200b,2235,0.026305250026362414
77c3081,2236,0.026289797766199885
6b57a1d,2237,0.02628708689018666
f7d78ef,2238,0.026274460146761935
73ab596,2239,0.02627294947716441
c4d2d56,2240,0.02626735371162836
f037a28,2241,0.026264468841794453
9390e78,2242,0.026257137970315925
928d665,2243,0.026241698262758573
409e8b9,2244,0.02621836620750695
0bfba6f,2245,0.026217021322257117
1edd85b,2246,0.026198459789362416
d428fd7,2247,0.026180624672679786
66a5cf8,2248,0.026153257092631277
0c56a46,2249,0.02615242574597143
968b3f4,2250,0.026148530630493383
722d119,2251,0.026143531000543563
db0a8ed,2252,0.026133678599449928
3d0e780,2253,0.026128397245235524
f431fc7,2254,0.02612273045986435
7eb2d84,2255,0.026084066840102116
77cdd17,2256,0.026039982574091902
3771c57,2257,0.026038158609295925
da5791a,2258,0.026034708161586595
155922b,2259,0.02603212661800658
17622ae,2260,0.026017152843081814
5d56081,2261,0.02600955779823777
8277647,2262,0.025978902655017233
499fdb7,2263,0.0259780595404997
110943a,2264,0.02597665199617749
b60282e,2265,0.02597514426601011
72d4f89,2266,0.025963430827909417
1e1ae50,2267,0.025953471680448148
27ccabe,2268,0.02594827725906601
4e0eb79,2269,0.02592548138504025
f322dfe,2270,0.02591195816976055
149d2a2,2271,0.025891900059598516
c5d4e14,2272,0.025887221132610327
c559795,2273,0.02586132276674369
5953126,2274,0.02585670737460022
a6d559b,2275,0.025844079888851734
5d18945,2276,0.02582894581513806
d72e757,2277,0.02580570532051485
0f2515a,2278,0.02579288396296131
1d2b72a,2279,0.025788615997363262
0818c7a,2280,0.025771899201809778
575f09d,2281,0.02576539249551968
af1d92c,2282,0.025743113511672355
72f743d,2283,0.025742691641621684
5c8face,2284,0.025740662784235147
2611031,2285,0.02573001012210996
c79eeb0,2286,0.025723148700217857
29b30f7,2287,0.025671223390557274
3455993,2288,0.02566136229434124
465b591,2289,0.02565614072198963
193d9f5,2290,0.0256532424792687
8582128,2291,0.025621443167640257
37aa517,2292,0.025611609281286918
0610716,2293,0.025597575773528947
e5e1253,2294,0.02557964690517911
cbce777,2295,0.02557878058526286
5741fcb,2296,0.025556762481744877
18d5e7b,2297,0.02553890380065771
d0b4932,2298,0.02550741200625406
3ef0e3c,2299,0.025502462596605047
52de1b7,2300,0.025495954149682865
961dbbe,2301,0.025468346797851038
f2189dc,2302,0.025455631641478793
d635254,2303,0.025453677683210385
8658dd7,2304,0.025453358309294405
565e46c,2305,0.025450206665067032
036f217,2306,0.025443045601683312
3c77775,2307,0.025440811442891897
693934a,2308,0.02542643977991077
9013f3c,2309,0.025402286037393917
d652bdd,2310,0.025383798838934046
a11f5a9,2311,0.025334269230344098
14a3fc3,2312,0.02533300118164805
aeae652,2313,0.025328867173760372
a925e59,2314,0.02532002674547329
f106504,2315,0.02530900490445842
974d443,2316,0.025299248631624027
12d37e8,2317,0.025259680638652582
b00cf15,2318,0.025259187618184353
23edd4b,2319,0.025255784687055582
4cb0538,2320,0.025236816150357555
09e5e4c,2321,0.025225248438858983
923cb70,2322,0.025192474415152266
7489ed0,2323,0.025188221737189487
01250e6,2324,0.02518657199175567
ff090b0,2325,0.025183581969525304
09fd953,2326,0.025149140974209172
2b9783b,2327,0.025133087441733704
4c66555,2328,0.025113030381247903
78a39b4,2329,0.025096293851441853
43c0ae5,2330,0.02506042809491993
dfcdb31,2331,0.025049977193802864
9ebb78b,2332,0.02503647693023836
2410995,2333,0.025026546223735235
e2e7f75,2334,0.02502194502927113
1d09dda,2335,0.02501957699699009
7a5caed,2336,0.025012064131093026
6b3acd2,2337,0.025003455432251354
33c9bba,2338,0.024996785418863632
f7d30f0,2339,0.024985583255090482
1ed164b,2340,0.024982686684794086
6d68dd0,2341,0.024979554916281566
71eac34,2342,0.024969409470599335
3abadb9,2343,0.024966355736213086
796557c,2344,0.024945063406802803
6a6fe71,2345,0.02493726468129387
bae144c,2346,0.024923131060767822
039551b,2347,0.024860806585010442
22775ad,2348,0.024854649280883323
24ba32c,2349,0.024853313823161582
09f31f9,2350,0.024839766519231032
714af24,2351,0.02483251613651838
4d98fc9,2352,0.024826247027844195
e6413f7,2353,0.024809556920081688
f5b9746,2354,0.024787402182428697
8a1e5ce,2355,0.024778746858324707
c6f1a3e,2356,0.024769519726982048
e51fcb7,2357,0.024735726654689705
fbf4c95,2358,0.024725786884517653
2a3c54b,2359,0.02469640101466386
3e0f515,2360,0.024664566264188004
c5ec81d,2361,0.024654892554889063
7c38d5e,2362,0.02463088044832884
ee04b70,2363,0.024625445453023254
2bb108b,2364,0.024619050717075597
e805e65,2365,0.024575510254206123
9b58017,2366,0.024556453164309655
85870ad,2367,0.02455476515122268
79ac294,2368,0.024549950171584456
396a730,2369,0.024494994343845167
1982d85,2370,0.02447211845591213
00db2ba,2371,0.0244166470859144
67df3c8,2372,0.024355680099372612
6a1eae2,2373,0.02435319646576284
15acafb,2374,0.02435302813800988
596d51b,2375,0.024337046121351014
7e73db0,2376,0.024313053650447003
ecd9c08,2377,0.024311423030356605
dd2fdbd,2378,0.024305580960158002
c4fd3fc,2379,0.024268366422883325
f02faf9,2380,0.024266694764755514
98747e8,2381,0.02423134632610724
37140f4,2382,0.024197316365664467
6990a65,2383,0.02419731052629992
9fcd6c1,2384,0.02418318337075087
be0de73,2385,0.024152066741966016
758762c,2386,0.024148004384446975
d55b1ee,2387,0.02411197841185253
7ffa6d3,2388,0.02408156041046583
a052396,2389,0.024077114695155166
1630a77,2390,0.02405397190467984
1f03286,2391,0.024041612844886706
05a643b,2392,0.024036019528540398
d2a2a23,2393,0.023881359072590702
91d615d,2394,0.02387675594984351
95c21f0,2395,0.023856330762784816
0dd9da7,2396,0.02380972558609651
8690ecb,2397,0.023807292768207255
9c33c91,2398,0.02380495930939086
1d13eac,2399,0.023768757847797417
3706221,2400,0.023758554505728058
1cd6c13,2401,0.02374457299355115
e98c4b9,2402,0.02359755901602001
ce7cae9,2403,0.023506166123881123
f7e8640,2404,0.023415838465250638
f0c53c1,2405,0.023413088614196997
fc2d5f7,2406,0.023168384065967995
c8c81c6,2407,0.023104887506356087
6c274ff,2408,0.02303493129955736
bdc4987,2409,0.02292705827769914
31a1a3b,2410,0.0228794807668955
17bafcd,2411,0.022859274943403785
7110a8c,2412,0.02284344429215235
eda8cb0,2413,0.022832160565997572
211dc01,2414,0.02282131056847747
d447ff5,2415,0.022648071535710024
0384a5a,2416,0.02264351887520677
b927145,2417,0.022600689885296732
bbf3ed8,2418,0.022523504264364447
1a0f4e2,2419,0.02250449618560979
76f9529,2420,0.02242001006857286
733106a,2421,0.02239652365784428
e88dc2c,2422,0.02237596895636429
b8c3e34,2423,0.022340254527316583
82dd781,2424,0.022325829946543196
8340783,2425,0.022297236028823164
21cf8fd,2426,0.022274985788460433
3e0d176,2427,0.022186963903679247
acf2295,2428,0.022115382073945145
3df7b61,2429,0.02207925587993742
33f7de2,2430,0.022005795363972402
024c61d,2431,0.0219428697896078
840ddca,2432,0.021911041573522194
1fe253a,2433,0.021796795712825556
c3a75b1,2434,0.021713828864204365
6970167,2435,0.021673960111043944
38becef,2436,0.02167370777989064
50e7c87,2437,0.02145532606107159
edc9ea8,2438,0.021349866476776058
248e6ee,2439,0.021346574031934518
836a93d,2440,0.021323544559688212
9ec0f69,2441,0.021300189810043557
d45b418,2442,0.02124176771148223
82bc4c5,2443,0.021204761998731447
618bfed,2444,0.02120052987180443
704975d,2445,0.021199716397258372
1884ce2,2446,0.021134668442324367
19233b9,2447,0.02112005618661672
000c57c,2448,0.02103592948399058
4c02483,2449,0.02101337280500215
b37ad73,2450,0.020960007357194277
9883484,2451,0.020860356416986026
88f1578,2452,0.02085693677154732
df632b1,2453,0.020810920397809407
6e6c052,2454,0.02078007741158172
8fad4fe,2455,0.020770889531005587
abf3ea2,2456,0.020736814861391784
89f3263,2457,0.020678427555055223
dc838f4,2458,0.020608024098003663
7e0d71b,2459,0.02052393938569519
ccc7935,2460,0.02043811318493738
24c5662,2461,0.02040861844566566
93e3547,2462,0.020327993316501147
7295b31,2463,0.020284043248383177
6d284d2,2464,0.02026655309378378
dfc24b6,2465,0.020247189567337953
092f42e,2466,0.02021988857434065
8e5e78b,2467,0.020060136403367235
82e74ae,2468,0.020048255283252825
d67d07b,2469,0.020023877868193263
f70742f,2470,0.019934702555556627
d0e02f0,2471,0.019920662579453352
8c1659b,2472,0.01987098339269544
007ffaf,2473,0.0196816978360147
968216b,2474,0.019646980380750634
0a69b32,2475,0.01958767183831578
4cef301,2476,0.019546501022648988
2915bc1,2477,0.019526178146319406
b3f312d,2479,0.01951384450922844
2a23463,2479,0.01951384450922844
e5ef830,2480,0.019507213513008992
46d7095,2481,0.019489640575481304
51de1ea,2482,0.019485940706392535
4cedc7b,2483,0.019459948296255636
10f44aa,2484,0.019448860206226826
3d0b140,2485,0.019308873700222495
d4bf17f,2486,0.0192717605463133
3a2ef53,2487,0.019223761372430315
9bb4fbc,2488,0.01919934025331904
734443d,2489,0.019178102062649915
3508526,2490,0.01915754602388786
801a711,2491,0.0190749161857362
fe6b468,2492,0.019067491788994473
7b28f67,2493,0.01905580845408572
d46c2bb,2494,0.019017189155165704
041f8cf,2495,0.01899372675697708
77808b6,2496,0.018992357994533582
60dac87,2497,0.01895306646953565
a827b50,2498,0.01894273677849201
7274f03,2499,0.018929077513120007
3a6ea49,2500,0.01892015630986421
2089e8e,2501,0.018874423344146796
3c83ca2,2502,0.018871009966216934
9ccce4d,2503,0.018828961840348546
5ffd775,2504,0.018795141327570986
7dc42cf,2505,0.018763301134390287
ec9a644,2506,0.018603047275674967
c39d685,2507,0.018582262953972695
ed08a3c,2508,0.018579390166313492
6c58046,2509,0.018569686885796743
aaf0639,2510,0.018535243658630685
e4d0f61,2511,0.01846691185951932
4e19b4e,2512,0.018445136963550546
95ff048,2513,0.01839930849476612
e76f6e4,2514,0.018382119921968698
c003c07,2515,0.01832543790233032
40d5c49,2516,0.01831346746922724
0e57fad,2517,0.018295235470793814
a959687,2518,0.0182815388647124
f7c92bd,2519,0.018260958770921598
76d1223,2520,0.018257621788908773
65b11b3,2521,0.018251262176857463
860f063,2522,0.018245117428028368
f422362,2523,0.018228644971666208
41dbf3b,2524,0.018227909429480382
96657fe,2525,0.018216024146921028
f22a0e8,2526,0.018213322006484955
7dffaac,2527,0.01819801206057603
b16e949,2528,0.018193039679239464
e80cb0b,2529,0.01818248253296062
602dc38,2530,0.018170629631561797
403f384,2531,0.01816927297039106
0f9e3dd,2532,0.01815640713169242
cdc9d80,2533,0.018154700903685872
4403ef0,2534,0.018076178734022452
c51a4ee,2535,0.017984408180508504
8a37f10,2536,0.0179258962011698
7f2dcf3,2537,0.017879094644371873
c049dc0,2538,0.017846135901115612
561f18d,2539,0.01783056178516429
8950793,2540,0.01780610109377634
6e60ffc,2541,0.017801521188664182
fd61b8f,2542,0.017788480159272257
6bd95fe,2543,0.01772665094713688
6fe9e2b,2544,0.017717267793652902
d33ed2c,2545,0.017707336204089152
9f89032,2546,0.017685107310984716
ac270f0,2548,0.017648601750292148
ddc1299,2548,0.017648601750292148
f081cda,2549,0.017614930488803138
7d47548,2550,0.017577102471370232
71157c5,2551,0.01751578762270356
7e3ff71,2552,0.01751173652181981
b3ad755,2553,0.01748099863863417
02e5784,2554,0.01745750303173832
6b49cfd,2555,0.01745553719306281
f5a77bb,2556,0.01744519239538833
29bb1ba,2557,0.017377961966859923
7db6a89,2558,0.017317354351625958
6994cf3,2559,0.01729857017316727
ae2bc6a,2560,0.017273103090726827
3850730,2561,0.017270283687305432
d334bbd,2562,0.017266213729640878
a7d2732,2563,0.01717342933386179
9823b76,2564,0.01716088759978507
c857311,2565,0.01708982697881889
14d923b,2566,0.01704479075534404
c7c029c,2567,0.01699615234216323
0134bb4,2568,0.01692690056201862
8bd700b,2569,0.016921972601907753
76fe08d,2570,0.01688451738843999
b8b37e1,2571,0.01684293147549787
6972df7,2572,0.016787048452685083
6e920f1,2573,0.016741812509440512
bc32c24,2574,0.016696606954090365
add9dba,2575,0.016693018842255714
38729e7,2576,0.01666807343049137
3780f24,2577,0.01656606765833979
4834222,2578,0.016555184582572102
2601aaf,2579,0.016467812752276267
1ba33f6,2580,0.01642321086933407
a5205c2,2581,0.016405553205790846
a6c3416,2582,0.016399422631711125
4641171,2583,0.016397110669876813
ebec443,2584,0.016388941834688864
c54f388,2585,0.016388599910958424
126ebe7,2586,0.016388157783267965
ffe7a63,2587,0.016201719124280256
62ed9a6,2588,0.016194344442700404
9958542,2589,0.016082567794281633
69c767c,2590,0.016075453870817213
64b4bfe,2591,0.015994385711428305
095dd84,2592,0.01597576676905843
ed4c205,2593,0.015916450631173196
d08c925,2594,0.015909027974653767
ff1a3d7,2595,0.015896593783612634
2a356db,2596,0.01584651734979059
37bc6d4,2597,0.015842683923838807
96d4328,2598,0.01583345348366294
4d690ae,2599,0.015830573326812147
9ccdbed,2600,0.015802949417144774
bf1e9d7,2601,0.01572503469433717
c6fac3e,2602,0.01568855696970095
37e270c,2603,0.015658769475543566
bfdf347,2604,0.0155650445574389
dd09a0d,2605,0.015485440324632949
656f3b9,2606,0.01547467848911721
ec8a1a3,2607,0.015471614156683855
f5bf893,2608,0.015467482304274305
51d5dca,2609,0.015423039154516816
8354dcb,2610,0.01538161051787934
8860451,2611,0.015305511503198144
dec2f2c,2612,0.015305296972455973
d69736d,2613,0.015299733235937363
fa1e469,2614,0.015236729096324786
d21487a,2615,0.015212430137143462
d60b3ae,2616,0.015208170142560706
4796bc8,2617,0.015207332367734971
f8fc19e,2618,0.015156892174410519
de688bd,2619,0.015131062645020843
2412339,2620,0.015119118543679755
d5b6ed9,2621,0.015101568622104322
d03a9cc,2622,0.015099347549726083
79a8906,2623,0.01509542437584932
eb72c7e,2624,0.015073520594270917
d2f0750,2625,0.015010959276745672
f482915,2626,0.014931049358732573
6820162,2627,0.014886096262496484
f916db3,2628,0.0148578103218735
5fb81a8,2629,0.014839410713475498
275a8cd,2630,0.01482859355985433
386ab6d,2631,0.014827802719853511
ab9251b,2632,0.014754255722479792
def4a12,2633,0.014719485687039069
ac86bc6,2634,0.014700539858835349
ae51fc7,2635,0.014692467185588476
5b1bb1a,2636,0.014691957630946217
f0c8cdf,2637,0.014689402066648705
f376d49,2638,0.014681518339035193
e48fdde,2639,0.014675869823914445
184e182,2640,0.014579399487521849
711b76a,2641,0.014545769562155475
897e474,2642,0.014529379067263926
919fda9,2643,0.014522500513824421
cb29cae,2644,0.014521419296274485
8e121a1,2645,0.014456508678683422
63878a0,2646,0.014439531917940895
69651eb,2647,0.014427886201381246
f69da88,2648,0.01435828293963548
d312c31,2649,0.014344416465118304
f9676f0,2650,0.014343437363773415
a8e64d0,2651,0.014334472209218796
64bb229,2652,0.014328474612180564
41380f7,2653,0.014319693073586492
9629b95,2654,0.014247755290913822
7c8e623,2655,0.014147352187226292
8051ef8,2656,0.01412112626299733
e87f3b7,2657,0.014114633558797829
4eba410,2658,0.014087268695719302
8066fd0,2659,0.014018038945489253
f975b58,2660,0.013970707281253492
a7bf927,2661,0.01396762575206989
c30caa7,2662,0.013929728257139673
929b1c8,2663,0.013896300770265935
220e2da,2664,0.01381217346627317
d2f4844,2665,0.013778447173613095
3c11eb5,2666,0.013778071545674009
c657d68,2667,0.013774994211579239
ba24af7,2668,0.013703747367375674
2ec10d2,2669,0.013573557679610992
25abf2f,2670,0.013523320652910065
8fba895,2671,0.013445873002650988
d23ef37,2672,0.013360596339122344
18972ec,2673,0.013287524615277824
9d8b7ef,2674,0.013243353348820541
de44fcd,2675,0.013226645350100874
b19e60a,2676,0.013203617686173286
04bdbdb,2677,0.013144926676748936
a8f44dc,2678,0.013137023876149012
8d72f88,2679,0.013126440272825834
2c86b23,2680,0.012959019141006167
bd16815,2681,0.012953927221589945
f52df3c,2682,0.012920030455769171
e3a4d40,2683,0.012816205131124137
c9f5de5,2684,0.012687284271197474
ae1c964,2685,0.012680509971586096
27b359a,2686,0.012565281546284224
7065abe,2687,0.012549232677329991
c67efc2,2688,0.012519070616216044
6cb44b7,2689,0.012507605508775721
2908367,2690,0.012506896315210514
d2a3c63,2691,0.012285974324993232
b9262dc,2692,0.012219421280335041
51e98bb,2693,0.012093638595293554
da8366a,2694,0.01207922925335092
d36428e,2695,0.012045166165469912
134b16a,2696,0.011933089265125041
94a7467,2697,0.011894155913312776
e952ccd,2698,0.011681016878962502
b65f362,2699,0.011611844980265906
366b074,2700,0.011479449717724854
415cf8d,2701,0.011350955087182424
375879b,2702,0.011287239201449473
5ebbf03,2703,0.01126950778307545
6a4d71a,2704,0.011256025348154619
6f96c7b,2705,0.01113841574456842
32a12ba,2706,0.011097304694950183
ec040dd,2707,0.010930116009695734
e1bbbfc,2708,0.01090858759257718
61ae9e3,2709,0.010720736427226263
0b9488d,2710,0.010484353706695093
90acf15,2711,0.01045990591964796
69805da,2712,0.010224677317319686
a2a24db,2713,0.010095397814851026
b4c6a60,2714,0.009962900786749218
042b972,2715,0.00981613370243506
f5811fb,2716,0.00976698174175794
e5a2556,2717,0.009556273770376378
b10bc50,2718,0.009482909032914155
7cbbd9b,2719,0.00946548151185822
27ab7db,2720,0.009210241952430476
983c6bd,2721,0.008920239863952628
bb123e6,2722,0.008493697855770033
9abf25b,2723,0.00732603551264277
22c4ea0,2724,0.006597163659998295
4859a08,2725,0.006551993174120585
507aeb0,2726,0.0028663747007314777
046e0b2,2727,0.0023697110826069734
7ab7574,2728,0.0005271861913279663
4a62ee4,2731,0.0
642ac44,2731,0.0
4622a90,2731,0.0
