38becef,1,0.24065859172841542
4c3e79c,2,0.23492143519805686
7bfdbd9,3,0.22500394756631414
e065766,4,0.200145911743716
591db20,5,0.1968340260093211
336a54f,6,0.1891093014286851
d964d23,7,0.17787259693935242
c1c31ef,8,0.17272018644491638
0af94b2,9,0.16971592497938115
9320fec,10,0.16360911811519074
2304ecf,11,0.16250710345742947
887038f,12,0.16031198918333622
817b76b,13,0.15249200821749798
7647d95,14,0.14031891556701948
d4ae974,15,0.138807890038664
35d56dd,16,0.13406712290189904
ef2dd6e,17,0.13259052151784
2e823fb,18,0.128214427383204
c1db3fb,19,0.12714462473889365
1146205,20,0.12556270908064482
b1b6778,21,0.1254881628516269
7d6ca28,22,0.12205377363960679
1b8156d,23,0.11726295513409313
a1c49b1,24,0.11656121176301615
f86b892,25,0.11589228307546129
b306cef,26,0.11559357414675364
de13c33,27,0.11472300000876934
77efc4f,28,0.11282028091268337
6fcb008,29,0.11239378655579513
7cc4ff4,30,0.11204163621126129
04ba01f,31,0.11189411215687384
f203be4,32,0.11152844601294742
4229da4,33,0.11099762183390638
a5eb0d1,34,0.11059166456062353
895c07d,35,0.10921315504998297
c2d3c87,36,0.10917055614139182
55e1258,37,0.10738697180377599
6e3eb4f,38,0.10447130579282804
b4801b2,39,0.10408329145048367
b7c2861,40,0.10313393032256768
847b296,41,0.10310357432124517
b9ccef8,42,0.10061868544887242
279196b,43,0.09872186748555212
fcdaa44,44,0.09783130948865304
6ff3409,45,0.09460108807174428
de72651,46,0.0932178497554782
cd40201,47,0.0930357206911453
6bf3a64,48,0.09301921727597429
3137ff7,49,0.09105266517597055
3a66fb6,50,0.09028251356445283
64857ce,51,0.0901614789767119
2665037,52,0.08698056515709929
afc8fd6,53,0.08525530875346998
8bf67e6,54,0.08469397224702724
b29d4a8,55,0.08442100189144819
4385971,56,0.08348280224306925
c9e8972,57,0.08204587472029001
9afca86,58,0.08186258760607934
ff08ec6,59,0.08169809750543133
83f6917,60,0.08096724337411121
4ade66e,61,0.08030278225011478
4ccc7f3,62,0.07997317847558205
2f28243,63,0.0796012859472437
e829daf,64,0.0795604097692546
e185090,65,0.0784022969776561
9925370,66,0.07782899834440804
4581182,67,0.07628754793897463
e33e925,68,0.07626011581668257
b0f4615,69,0.07430911366963744
1e03ad0,70,0.07420490274146574
5b2dd4b,71,0.0728355197796049
c621cfa,72,0.07246991701600913
aebca72,73,0.07159417288657555
aadf06c,74,0.0709111105997684
4755483,75,0.0681252323737993
14ddcfd,76,0.06779335603615633
449fdd3,77,0.06561841448530426
d381212,78,0.06283586564572885
1c2f958,79,0.06274066393079547
52ecbc6,80,0.06258268046478999
5885b9b,81,0.061605557415799095
4e3493a,82,0.06110233111492824
75a9013,83,0.060972666603051784
6b49cfd,84,0.06008572026283199
41acde3,85,0.059743927414954934
5524adb,86,0.059480479889354676
8a630cc,87,0.059138230946029435
974e91b,88,0.057489388216730664
8cf0811,89,0.05682060934628097
4d09ce4,90,0.05616552648146689
a4c526d,91,0.05573110074353982
792e37c,92,0.05519833182351708
8a76da2,93,0.055044643199945176
e3bcc1c,94,0.05503852001273024
36bde82,95,0.0550250448937597
c00a33b,96,0.054507829138528474
ec324a9,97,0.054470033525159556
222eafd,98,0.054399555382904086
8c5eb24,99,0.0543137732458745
48a3215,100,0.053830727700372005
b3f276d,101,0.053622762297064974
5c695ce,102,0.053580614476891775
840ddca,103,0.053150742538890516
75aa5f6,104,0.05305283634930924
44293eb,105,0.05287957684001898
effb8b8,106,0.05159892428124779
d132d6d,107,0.05131090074738753
84cc81e,108,0.05124051874970281
76abdf1,109,0.05114785919050391
a70a7c5,110,0.050712081224601135
07f6f61,111,0.05056563128727565
4e976ac,112,0.05009680866481725
7e93d52,113,0.049995665616340834
9dfbc80,114,0.04993274329066866
ff9dc85,115,0.049842415160340714
9de5e9b,116,0.04952013238849562
d24a652,117,0.049402562679514817
d790729,118,0.04926840877683836
5b4d241,119,0.048884364702827865
39f629a,120,0.04835772454371534
68f2755,121,0.04815900548512908
5ef7a8a,122,0.04754642251359564
9c1eea2,123,0.0470822460059791
f01925c,124,0.04688343419751184
535699c,125,0.04679775919287121
524c758,126,0.04674088997478976
74a817b,127,0.046682043518184946
675bb61,128,0.04666265081209542
cb7f2a3,129,0.04660578621782552
6a6ea48,130,0.04655191569069794
eea1688,131,0.046460952832710456
3d39287,132,0.04646002403728233
ffd701d,133,0.04635440312013195
5fd1037,134,0.04619496485801422
027f494,135,0.04576222276902908
bd59bbc,136,0.04566626194596257
80fe41f,137,0.045528085201914315
a2d9c86,138,0.04545283348795515
d4fd1cb,139,0.045340041298223666
4031a54,140,0.04531996461343779
f0e3cbc,141,0.04529600541229284
5125d75,142,0.04512659284475318
0a58c69,143,0.04478915344942125
3d80e1e,144,0.04473439353000119
b7e692e,145,0.04472483036496744
3bee5d7,146,0.04452969213799418
6641663,147,0.04426007083496897
6e4eb92,148,0.044062504898495725
8936be7,149,0.04399343068334638
764dabd,150,0.043746656340550305
41a46f7,151,0.04353983251597138
1038156,152,0.04328446693330967
3cc8b3a,153,0.04328308709796769
0f70487,154,0.042963243675443685
6d8fd42,155,0.04245746948967377
ed1e171,156,0.042427791907458934
1c92a54,157,0.0423444103382129
eb5eae4,158,0.04216774962514158
f93b77f,159,0.04204950884004277
a90f4b4,160,0.04189461493374269
084b868,161,0.04176957054214747
4b65a99,162,0.041713988746989505
b7d0c17,163,0.04156099231116883
dff6e01,164,0.04154237715977949
bcb1a5d,165,0.04145589087223145
550f934,166,0.041448317834758
e237d26,167,0.04108548782380628
9390e78,168,0.04100726412519118
cf96848,169,0.04083802054518404
09ed556,170,0.0408373514058642
925a8f7,171,0.040722898422112075
484b616,172,0.04041164465275637
80ee905,173,0.04020095427313919
a4550d0,174,0.04016231551774341
82d0521,175,0.040123146029149126
03d0d81,176,0.0398682226220648
59dbb7a,177,0.03941945534236513
a6a7e40,178,0.03938725780829855
552148a,179,0.03935151824673666
cd97775,180,0.03921776038189395
9adfc80,181,0.039032746116599015
86caf52,182,0.03893378490213417
3f8896c,183,0.03890800223412394
3ce4716,184,0.03872138713750206
f4a33b6,185,0.03869411119161281
f1e920f,186,0.03860990495731342
19d4a07,187,0.03855338898772964
f067d0e,188,0.03847151938596727
7078f43,189,0.038281231286552475
301ed5b,190,0.03801932469443414
de195d1,191,0.037994621975868004
3e66c9c,192,0.037909448989431715
28982c3,193,0.03783591922852236
b29c8c0,194,0.03782296489402148
97bbbff,195,0.03771103639555884
dd220d3,196,0.037701075729414724
de30660,197,0.0375640253896623
168bc14,198,0.037518800071873804
c343b71,199,0.03740599936153821
0b3f6f9,200,0.037252874988006
dda65ea,201,0.036914740157734105
89ac110,202,0.03689902672830758
4d98fc9,203,0.036873443083724644
b41c7bd,204,0.03671615460754718
5f09c4d,205,0.03666376971960794
49b4ef3,206,0.03665721012694256
8d251a4,207,0.03661333337266115
b836418,208,0.036602372938515426
51e81d0,209,0.03655796330726169
c556f11,210,0.03633323448511261
606015f,211,0.03632609205829351
a095236,212,0.0360426277647965
2ba05c5,213,0.03585994121418945
8f773e3,214,0.03585340360567357
16a9c4d,215,0.03580815863629838
6f2539a,216,0.0356394457037813
03db341,217,0.035626782286547365
d48c365,218,0.03545567538238936
b8c52bf,219,0.0351513293057506
eb3e25d,220,0.03511655914339862
78948d9,221,0.03507620608896078
ea119a2,222,0.035057426722428175
58d95f7,223,0.035047412262697364
8703ffc,224,0.03484280510069615
aa7c8f9,225,0.03483087950399155
fe64e87,226,0.03473383522036155
bf4fc62,227,0.03469030742799084
45780d8,228,0.03467712212567775
4839e1e,229,0.03456659134045048
01f3b98,230,0.03453878932646226
9a1ddf5,231,0.034274763996945734
7fe50e4,232,0.034254114313200135
70a5626,233,0.03420030530262985
30a88df,234,0.03419944954142351
82d3c01,235,0.03413611621350321
69ee87f,236,0.0341211679812895
d91c132,237,0.03379261421570734
1004aa6,238,0.03355372896248532
e822903,239,0.033481681880824676
c61dcca,240,0.033426462957071856
d3be4ee,241,0.03340971693324779
5709ec1,242,0.03338080092517837
dd5a73f,243,0.03320547624264869
7fbff50,244,0.03319493361961656
534a679,245,0.033146529799241264
309b4b8,246,0.032803993366290696
620fc21,247,0.032773135234837936
be01040,248,0.032691941434429994
8ef31dd,249,0.03268459410761315
9147da9,250,0.03267211317568086
0b7eccf,251,0.032428983714838155
0a670cb,252,0.03231992602923184
64bb229,253,0.03219035566656725
01bf122,254,0.03212794408866215
b675d1d,255,0.03210151540789985
d7e85b0,256,0.032091310150851204
bd00267,257,0.03208937264196143
e85593d,258,0.03182883989801355
8ba5e1f,259,0.03171211817695985
5ac633a,260,0.031620324112687226
f957970,261,0.03120746601065094
aa5add7,262,0.03118691187104139
ebb59a9,263,0.03117828009226109
a2f9d4f,264,0.03100166637879531
053636c,265,0.030994018693298764
c8c81c6,266,0.030970412332878228
63e8753,267,0.030945922900134426
58fdad0,268,0.03090584678041719
c628a5a,269,0.03088508106698773
616f796,270,0.03078609584787384
a36a61a,271,0.03072113083475625
ef33293,272,0.030485076219220808
29312d9,273,0.0304464012293163
f9d8ba4,274,0.030343974467996637
4c2ce45,275,0.030311690301121463
de491e7,276,0.03030970600543459
fc07980,277,0.03027447078928136
845f5ff,278,0.030238977622062735
f412f0c,279,0.030223777035291555
f78951b,280,0.03019145835624515
5cd9c1e,281,0.030028006550914088
3c4504a,282,0.02988951770144388
091577d,283,0.029677663611829996
87b154f,284,0.029645094785963333
a02241e,285,0.02955649833727314
65714d6,286,0.02952778851184712
3c2047d,287,0.02950297679058278
24c113d,288,0.029458743539898857
45f2bdf,289,0.029271547626112948
6c7c286,290,0.02916809052779168
0f655dc,291,0.029151279076661818
67696fd,292,0.02908099951673415
9d1fbeb,293,0.02892930757149481
bbf1b13,294,0.02890335417608525
c438dfd,295,0.028659610522471013
7287c0a,296,0.028445848754745984
01d1238,297,0.02834197058957555
e4d80a3,298,0.02813870491160153
22a391c,299,0.02799847468321437
325ef2a,300,0.027887174006910875
024c61d,301,0.027846247531783108
ae2eb35,302,0.02739927034732903
bd9c7b6,303,0.02725365550118597
a83c486,304,0.02716767942122622
cc4ec1a,305,0.02710018841753059
efd3c17,306,0.026989482328565684
5a3b4cb,307,0.02664543923274265
79c373c,308,0.0266435081770785
b1ffe42,309,0.026620755160300602
df632b1,310,0.026583012296515274
52547e6,311,0.026371378980135418
31134b4,312,0.02637113856724005
1bd8d2f,313,0.026218871042391845
192a606,314,0.02617659748386647
3924ff1,315,0.026106668032371938
04f3807,316,0.025919170714939987
2851a41,317,0.025718167424991223
eb4505e,318,0.025708466959090015
c764a46,319,0.02566889125889793
5124211,320,0.025648053062199083
fa45534,321,0.025486478522586786
3698fee,322,0.0254850807486523
915752b,323,0.025372125201308604
7efb21a,324,0.024995401930325567
e8c234a,325,0.024975315765461414
cfd45b0,326,0.024909153931900074
e9f7e61,327,0.024863014350206103
caa80b4,328,0.024685096236751747
f93cdf9,329,0.02458745507033988
f9e7db7,330,0.024554599638781482
2bc4e29,331,0.024463912021376766
d7a094a,332,0.024457887410860968
a2715a5,333,0.024417664653620608
a2d8936,334,0.02436637689285237
cf5fd88,335,0.024235581321352506
07663b6,336,0.02418936375187719
dffa868,337,0.024163672403812897
342d124,338,0.024127473845132585
2c7ed40,339,0.024063714848227336
c669a68,340,0.02402298339487019
6ee4f24,341,0.023987640405958688
6b825fb,342,0.023957442136009144
95ac6a7,343,0.023530659742499238
f9fbad2,344,0.023519977085143084
a9757e8,345,0.023331457469731753
63df133,346,0.023320831826528665
0235adc,347,0.0230829564829248
984bce0,348,0.023063214177727165
59aac0b,349,0.023044234259994023
1868857,350,0.022837316188045076
1a7fbd1,351,0.022787480292010498
5200a1c,352,0.02263927414133382
c25df7e,353,0.02263891156389275
746e264,354,0.022629668508551748
6bbac11,355,0.022474539583795305
1aaaaa9,356,0.022453506584217076
cc4824c,357,0.022414721866016563
8268221,358,0.022380012353156564
a857aec,359,0.022300064883468806
66485d3,360,0.022279924558950004
4a77f08,361,0.022244980857295427
7e9b833,362,0.022165861833139844
39dde4c,363,0.022156023267413616
262e522,364,0.0221103782614559
1729698,365,0.022051250519693033
04a9097,366,0.02202725249739179
dff730a,367,0.02181307273592603
1836235,368,0.021371458242617547
00241aa,369,0.021310363058229642
8f4b174,370,0.021201329055216656
70baa09,371,0.02110882872630304
78eb672,372,0.020913812832357048
d6f92e5,373,0.020911418860120268
f8595f1,374,0.0208951602125399
03ce555,375,0.02078369636317612
7dfe089,376,0.02052167329406973
7437e9b,377,0.02042518811866134
3587cc3,378,0.020302906729179115
81a2c70,379,0.02025232995482562
6a113bd,380,0.02024255614688486
9d72612,381,0.019931044052161506
f1be9f1,382,0.019567369819381786
7e3e1a6,383,0.019539018927839935
febdacb,384,0.01939639464595
043a352,385,0.019248759828077944
5fa514b,386,0.019215600598828764
3c1c9ea,387,0.018945740137991995
9a66dcb,388,0.018934995438596003
41ecd65,389,0.018837373694607806
6a6e135,390,0.018640956976073042
c926216,391,0.018564314662409598
e152ec0,392,0.018534546824505505
030f59d,393,0.01832668046603092
7d80ca9,394,0.018280420932095254
22775ad,395,0.01816517265931339
e4cf805,396,0.018117423300569535
a478193,397,0.018001700591394942
c72f52d,398,0.017961007244801652
1c75a54,399,0.017717036328637303
34fd5f8,400,0.01769295974237317
f80152e,401,0.017611122334239115
eaf501c,402,0.01719239501102332
4014ddc,403,0.01714241144863793
7eaa0d8,404,0.01710568438667337
4fe9831,405,0.016916545708465458
8b7e4f6,406,0.016854998344976946
f78e933,407,0.0167976753174498
d6227f7,408,0.01672053368151083
086aeab,409,0.01658135502108138
c9855be,410,0.016345048867408063
a6ca7c1,411,0.016218292637228404
6dbca87,412,0.01595767045322849
5254fe6,413,0.01592716341973266
45fd54a,414,0.015924961409764182
0a16858,415,0.015876953295213214
11bd742,416,0.015585562197955038
831de24,417,0.015270139888803658
d6f8f60,418,0.01522003458283594
aa365d3,419,0.015182377022843085
0ace02f,420,0.014957904206182149
bca9abb,421,0.01494001500486608
5bebea6,422,0.014665404492759437
e42c68a,423,0.01438982762752583
18e9262,424,0.014127773952478218
57ed289,425,0.013914940349316951
653599e,426,0.013278916876482527
dc58965,427,0.012858609317331848
94192f9,428,0.012359072492127865
8686011,429,0.012117755494795546
24b7eb9,430,0.01173992545246505
12e777c,431,0.010679848049622298
8dc6730,432,0.010551356595086325
d39f3fa,433,0.009715423433374948
465b84d,434,0.0040430718404123045
