38becef,1,0.34445554918739996
4c3e79c,2,0.32694861554913013
7bfdbd9,3,0.31273013974129893
336a54f,4,0.26362540770439313
c1c31ef,5,0.23958795794837262
b8086ea,6,0.23615517731801572
2304ecf,7,0.22422488731412338
34e4616,8,0.21177527923791428
817b76b,9,0.21125277150679023
591db20,10,0.20739860960648338
887038f,11,0.20382756950105896
ef2dd6e,12,0.20026109524177005
7647d95,13,0.19427349455096166
d4ae974,14,0.1892155106496911
9320fec,15,0.18762443572845644
7d6ca28,16,0.18363371619042157
35d56dd,17,0.1793265841442907
1146205,18,0.17052149389417004
55e1258,19,0.16988813334085462
d964d23,20,0.16716814294143867
0af94b2,21,0.1663723651404876
04ba01f,22,0.16078475102898881
3137ff7,23,0.15883644930136998
a1c49b1,24,0.15532286201605983
f86b892,25,0.15379436958323556
77efc4f,26,0.15245139610367886
cd40201,27,0.14515421959931785
a5eb0d1,28,0.14298618556041376
c2d3c87,29,0.1412542747185216
c1db3fb,30,0.1405663800652759
4229da4,31,0.1405031311391809
895c07d,32,0.13705631817616082
de13c33,33,0.1361606537891753
1b8156d,34,0.1349470792418288
f203be4,35,0.13411257303154556
de72651,36,0.13304802337378185
6fcb008,37,0.13154242861822418
afc8fd6,38,0.13029707737307705
b9ccef8,39,0.12988946696230075
fcdaa44,40,0.12851839523632802
b306cef,41,0.1277338828091067
6e3eb4f,42,0.1250462098741325
7cc4ff4,43,0.12379880922130049
64857ce,44,0.1237021864494735
b29d4a8,45,0.11967533252846174
6a2378d,46,0.11903393637143367
a79f4be,47,0.11850522458838642
32f4884,48,0.11783530586379065
4385971,49,0.11636516520183127
5b2dd4b,50,0.11560616079282304
b0f4615,51,0.11314781443949817
2665037,52,0.11298407848570036
4755483,53,0.11212433798829757
e185090,54,0.11141160184518684
847b296,55,0.10851109779186474
14ddcfd,56,0.10810294117625507
e33e925,57,0.10718242109374465
209cd96,58,0.10656064347389693
279196b,59,0.10590873034698334
1e03ad0,60,0.10588147336800069
ff08ec6,61,0.10547856924204702
83f6917,62,0.10310305395545794
b4801b2,63,0.10215137466315027
b88400c,64,0.10173316200122451
c9e8972,65,0.10157110439431949
8bf67e6,66,0.10110688956169889
5f8b6f5,67,0.10096230073089418
d381212,68,0.09986659090122973
6bf3a64,69,0.09952879449832719
793a500,70,0.09903291687755866
9925370,71,0.09819372369982116
5fd1037,72,0.09711395308415516
c0face2,73,0.09657548098633939
a095236,74,0.09649892196332177
52ecbc6,75,0.09563794500047684
5b4d241,76,0.09509334479381626
3d80e1e,77,0.09356909510397016
4581182,78,0.09345843088365147
68c9dd7,79,0.0923578388821541
2f28243,80,0.09233873029034656
4e976ac,81,0.09225378070593904
222eafd,82,0.09146859861101453
1d13eac,83,0.08981101083280507
5524adb,84,0.08859337363214859
74a817b,85,0.08853480228260369
48a3215,86,0.0883703325817149
f78951b,87,0.08755022404511237
e829daf,88,0.08745588351752287
8c5eb24,89,0.08740295726861391
ec324a9,90,0.08613418156180763
6b49cfd,91,0.08577982428176889
ef33293,92,0.0855372235810905
76abdf1,93,0.08461369020519405
ff9dc85,94,0.08438546045246054
41acde3,95,0.08435736595402799
d7e85b0,96,0.08424119424786025
5c695ce,97,0.08402941819208076
449fdd3,98,0.0838806539663739
4ccc7f3,99,0.08347197155095543
027f494,100,0.08335673276594269
01bf122,101,0.08332568509410154
4ade66e,102,0.08286643605162947
0a58c69,103,0.08247139322139496
64bb229,104,0.08246568145441557
840ddca,105,0.08219797549562047
e3bcc1c,106,0.08197449417119629
75aa5f6,107,0.08173244292596071
3c5a6f6,108,0.08156649644118785
524c758,109,0.08127042703067744
6d8fd42,110,0.08114804274742837
5b55e9f,111,0.0811097766225668
9390e78,112,0.08104175487670173
6641663,113,0.08098187817340363
a4c526d,114,0.08040879674970447
1c92a54,115,0.07985354323374583
4553519,116,0.07980397792063254
aebca72,117,0.07965983379664887
07f6f61,118,0.0787526095015465
c00a33b,119,0.07853296797065379
73f98ee,120,0.07813526764438528
03d0d81,121,0.07767664429161858
925a8f7,122,0.07756311064731602
a6a4c71,123,0.07746865339976672
4d09ce4,124,0.07722757885073694
44293eb,125,0.07692490160316179
ae2eb35,126,0.07622734667001607
f01925c,127,0.07617302997504205
9147da9,128,0.07605123838617445
24c113d,129,0.07605042094769932
e85593d,130,0.07563500328225936
8cf0811,131,0.07550656313288073
f0e3cbc,132,0.07546505874291998
a6a7e40,133,0.0750578659600688
87b154f,134,0.07473955666311083
974e91b,135,0.07473081566443762
a02241e,136,0.07460573969970186
7e93d52,137,0.07456941379732085
de195d1,138,0.07444481197290254
6c2efac,139,0.07412732092719487
5885b9b,140,0.07396685591927987
bd59bbc,141,0.0734324674331579
b3f276d,142,0.0729518048626343
168bc14,143,0.0728042879735864
3f8896c,144,0.07265151767899158
df632b1,145,0.07260852018962838
9dfbc80,146,0.07244216956791605
28982c3,147,0.07198110162568239
4e3493a,148,0.07143821135475992
746e264,149,0.07103392502216188
792e37c,150,0.07087354938073354
a2d9c86,151,0.07058180421123805
f1e920f,152,0.0705407208589488
9c1eea2,153,0.07013157589609498
5125d75,154,0.06991790332850278
4031a54,155,0.0698128003547982
e7ce7f7,156,0.069750091032599
192a606,157,0.06958019452441788
a70a7c5,158,0.06952724578994118
3ce4716,159,0.06942171285216103
8ba5e1f,160,0.06939198585751993
7078f43,161,0.06928112116249951
b1ffe42,162,0.06924034506119026
5f09c4d,163,0.06892175508174858
0f70487,164,0.06886550702402083
09ed556,165,0.06873453531961904
8a76da2,166,0.06868612104076788
effb8b8,167,0.06859403618688276
39f629a,168,0.06837018470660061
3bee5d7,169,0.06836100398854583
e9a1cc9,170,0.06822356165848009
c61dcca,171,0.06821874871784861
b29c8c0,172,0.06784939388307965
9afca86,173,0.06758749401143116
f067d0e,174,0.06753120025509285
3d39287,175,0.06743155104588261
3e66c9c,176,0.06734549457595984
d132d6d,177,0.06647416624038982
b836418,178,0.06627166878246482
552148a,179,0.06610534460860296
82d0521,180,0.06599473740422523
4d98fc9,181,0.06589989102775307
07663b6,182,0.06556628786498497
2e158bd,183,0.06551179133030416
c343b71,184,0.06519664399316816
6ee4f24,185,0.06495148771169357
82d3c01,186,0.0649369382053786
c669a68,187,0.06491348035548072
97bbbff,188,0.06484844611561336
ffd701d,189,0.0645958828183737
606015f,190,0.06446768328010877
dd220d3,191,0.064368469190899
1729698,192,0.06436832374775858
9de5e9b,193,0.06431484998614634
36bde82,194,0.06427080149542297
b53b7ad,195,0.06419259896103768
8703ffc,196,0.06416767748229069
19d4a07,197,0.06411008105917582
8a630cc,198,0.06410902287326958
78948d9,199,0.06408043775182448
ec8f3c1,200,0.0639680901462335
bf4fc62,201,0.0638613858948549
cf96848,202,0.06377384856610491
8ef31dd,203,0.06363537782864559
dff6e01,204,0.06361461806099789
550f934,205,0.06345314753386888
309b4b8,206,0.06330879299721026
5709ec1,207,0.06283282797523371
75a9013,208,0.062389962543952904
eb3e25d,209,0.0623076773577772
b41c7bd,210,0.062298972454875035
c556f11,211,0.062282619432586506
11e5981,212,0.06195804749922906
8e0ba4e,213,0.06177808654798811
69ee87f,214,0.06175600196587039
a83c486,215,0.06171648522074302
484b616,216,0.06159858282462949
be01040,217,0.06146171790240018
68e0061,218,0.06143966177053872
d3be4ee,219,0.06120570965425387
d790729,220,0.06105735716161609
bd00267,221,0.06102574708088948
6f2539a,222,0.060997110192893
262e522,223,0.06076102426523167
7fe50e4,224,0.060423776358189296
0a39688,225,0.06027213506028062
84cc81e,226,0.06017015236618084
1868857,227,0.06012634383830184
084b868,228,0.06009463840996443
9b4ae3a,229,0.05998317036203604
e4d80a3,230,0.05989344867197777
29f4990,231,0.059830950435321606
6a6e135,232,0.05974428388365738
80fe41f,233,0.05972631732214073
33d99d8,234,0.05971969554896972
2e68acb,235,0.05953993404540381
5d9614c,236,0.05951582009772449
1bd8d2f,237,0.059506334309933684
41a46f7,238,0.05945072767686532
4ee37cc,239,0.05939987099836053
6938aaa,240,0.059336565909854144
a36a61a,241,0.05927572701590089
49b4ef3,242,0.059266760322429723
4c66555,243,0.059149141952753226
52547e6,244,0.058788077822961804
2ba05c5,245,0.05865592193280622
620fc21,246,0.05856929905595043
48aea0f,247,0.058335865923729635
7437e9b,248,0.058036796039143135
e822903,249,0.05791843886156001
68f2755,250,0.05790450237121736
de491e7,251,0.05788199358022139
4c2ce45,252,0.05786446947016466
b8c52bf,253,0.05782864285004874
9a66dcb,254,0.0577112225187032
675bb61,255,0.05757369070160778
04a9097,256,0.05715441528806808
c8c81c6,257,0.056949159449703135
fa45534,258,0.05686449716464248
c438dfd,259,0.05679980910914406
aa7c8f9,260,0.056799017656753326
0235adc,261,0.056600109958538924
1a7fbd1,262,0.05658019694949035
58d95f7,263,0.056497456027184256
1aaaaa9,264,0.05641997134432708
2582794,265,0.05600772827608991
3c4504a,266,0.05595569576946968
7287c0a,267,0.05594795868870994
5200a1c,268,0.05581235899222481
a4550d0,269,0.05570033993772061
34fd5f8,270,0.05563932252942405
aa5add7,271,0.0555540569208689
0b3f6f9,272,0.05550754965677773
d4fd1cb,273,0.055416793344413295
95ac6a7,274,0.055238818763719055
fb87920,275,0.055223920589431263
fe64e87,276,0.05515323567940156
45780d8,277,0.055120846522454414
9d72612,278,0.054945931242456725
5ef7a8a,279,0.05493644501317474
6a6ea48,280,0.05490819593463181
5a3b4cb,281,0.05483231828255375
a2f9d4f,282,0.05481420569664597
fc07980,283,0.05476930325833451
a90f4b4,284,0.054753869131227484
cd97775,285,0.054704842209443605
ae5ae60,286,0.0545601947971569
dda65ea,287,0.054553006736570264
51e81d0,288,0.05451393272234939
1836235,289,0.054400334819031726
0a670cb,290,0.054088929616153636
29312d9,291,0.053955306012879456
764dabd,292,0.053936511041096646
0d98b3c,293,0.053855906972158474
3cc8b3a,294,0.05378557425632513
a9757e8,295,0.05368921268749394
ee83440,296,0.053557017543333196
39dde4c,297,0.05339705792852878
534a679,298,0.053293881926368636
9a1ddf5,299,0.05312812686347124
efd3c17,300,0.053127392120224215
915752b,301,0.052985521426922366
f9d8ba4,302,0.05295222731671734
45fd54a,303,0.05294665702135237
1038156,304,0.05281569116763718
5cd9c1e,305,0.05234618769595667
01f3b98,306,0.05230537842696803
cc628d6,307,0.052247206197664875
22775ad,308,0.05217101874619301
091577d,309,0.05213275649004756
bd9c7b6,310,0.0518975441902515
86caf52,311,0.0518448395630392
2851a41,312,0.05174627507696328
d24a652,313,0.05171882156056595
301ed5b,314,0.051704873495028836
6b825fb,315,0.0514842434314261
f957970,316,0.05142913045504416
5b3bc3f,317,0.05141885322860407
f9e7db7,318,0.05140167944739171
78eb672,319,0.05132151230656534
a2715a5,320,0.05129763802015508
8f4b174,321,0.05126674660871455
2acd6c1,322,0.051242111181511674
9b04e62,323,0.05113039667099328
01d1238,324,0.05111085239066271
7d80ca9,325,0.0510877749673283
3768257,326,0.05102758690224385
3c2047d,327,0.050923375841266494
7fbff50,328,0.050739656898409535
0f655dc,329,0.05064950489378395
eb5eae4,330,0.050633227338110154
dffa868,331,0.05056690820214105
4839e1e,332,0.05052748101284388
342d124,333,0.05037194535500222
f4a33b6,334,0.050261149028809626
cb7f2a3,335,0.04959778717779617
845f5ff,336,0.04947264127217088
5ac633a,337,0.049453042085743526
63df133,338,0.04938187137146177
7dfe089,339,0.04914919983640087
6bbac11,340,0.04910691545503587
de30660,341,0.049034578319611555
ebb59a9,342,0.04903047977576602
e4cf805,343,0.048809922593400334
22a391c,344,0.0486373471667908
8f773e3,345,0.04859399117829566
1c438ec,346,0.04857119348639449
66485d3,347,0.04856290903006355
e9f7e61,348,0.048544646893480814
dd5a73f,349,0.04854367823898276
8936be7,350,0.0483968858189493
6a113bd,351,0.048349436092116393
cc5786f,352,0.04832822837474504
1004aa6,353,0.048248064927409184
325ef2a,354,0.04821695183158636
8268221,355,0.04804737247403612
cc4824c,356,0.04788378037525842
7e9b833,357,0.0478641419097664
3c1c9ea,358,0.04780426086271339
c9855be,359,0.047439183112856886
65714d6,360,0.047398622347760044
eaf501c,361,0.04727596673247558
e4692e5,362,0.04695893149350694
13ed380,363,0.046828779076348304
0b7eccf,364,0.04660466140301156
7e3e1a6,365,0.046430349297371776
7efb21a,366,0.04634938322390025
e152ec0,367,0.046332098108463726
bca9abb,368,0.04594742108289451
e58030c,369,0.045943874341114355
9f8345a,370,0.045929204536806933
9f41fc2,371,0.04552494996675149
a2d8936,372,0.045422464668209095
1c2f958,373,0.045412799371965296
f8595f1,374,0.04536978708741213
8666370,375,0.045364452550969436
04f3807,376,0.04526275615683806
45f2bdf,377,0.045136604682986525
cf5fd88,378,0.045078742660510485
febdacb,379,0.044754739567243074
c764a46,380,0.044678971429254144
3924ff1,381,0.044660167193726674
d6f92e5,382,0.04433162873731833
f80152e,383,0.044111954711307466
030f59d,384,0.044046330129094646
41ecd65,385,0.043844629085875164
a478193,386,0.043700022907381286
0a16858,387,0.04342726711907818
a857aec,388,0.04329619913877791
f1be9f1,389,0.042963597457251645
3698fee,390,0.04291822428646708
c72f52d,391,0.04266671315530857
984bce0,392,0.04263340431266183
9d1fbeb,393,0.04256933898678639
03ce555,394,0.042301156560080044
5124211,395,0.04209923778153857
5fa514b,396,0.04201765238856758
5bebea6,397,0.04168444365037349
053636c,398,0.04166683734452503
043a352,399,0.041615908290322356
dff730a,400,0.04119094635771703
ff67789,401,0.04101488115244556
aa365d3,402,0.04053898295986802
b783533,403,0.04041361092743856
9d5a6e3,404,0.04004933287709056
be7c3f2,405,0.03932607107420305
16d5317,406,0.03928729342457038
0ace02f,407,0.03923807077384711
18e9262,408,0.03913497738957006
4fe9831,409,0.03910677722803557
024c61d,410,0.039084101527977144
79c373c,411,0.03890556296554648
f93cdf9,412,0.03887248900980711
d48c365,413,0.03887220700229854
e8c234a,414,0.03849626586568966
2104037,415,0.038207660101841734
cc4ec1a,416,0.03814174834185202
831de24,417,0.03807853921201765
6dbca87,418,0.03807066282744187
1c75a54,419,0.03778908370937828
086aeab,420,0.03763246282759025
a6ca7c1,421,0.03720896840077448
cf03eb4,422,0.036811115716342324
11bd742,423,0.036748537068183595
e42c68a,424,0.036493979367096196
8b7e4f6,425,0.03614797637061462
cfd45b0,426,0.03594370615979292
f0362b1,427,0.035617228558720515
5254fe6,428,0.035575277078796264
d7a094a,429,0.035514283595656004
c628a5a,430,0.0339703445069639
ffe07f8,431,0.0338057936498658
4014ddc,432,0.03380157561094865
94192f9,433,0.03272042372503792
2bc4e29,434,0.032262418636404
653599e,435,0.032150108419743306
5af11d3,436,0.032107947048830576
7eaa0d8,437,0.031902043164855676
4fe0dd2,438,0.031858829236929176
57ed289,439,0.03156149653383711
2f5cb16,440,0.030914197988842762
d6f8f60,441,0.029072719901859334
8dc6730,442,0.028305500692809127
70baa09,443,0.028269116273643036
8686011,444,0.027976967850744217
c25df7e,445,0.027260815895260415
12e777c,446,0.027031738213207368
dc58965,447,0.026640331955855134
b4bf1ef,448,0.0250358777753249
d6227f7,449,0.025025747896073036
24b7eb9,450,0.024495848282719224
d39f3fa,451,0.024118779873842366
49239b9,452,0.023567576230384524
f8229e7,453,0.020345124096789236
