dcede03,1,0.400843681765942
4bdebbf,2,0.39286194789429096
034b4d6,3,0.38767450833343253
53335ba,4,0.38349568902609277
3cf9de3,5,0.3786165298860571
62199a3,6,0.378392003288358
986597f,7,0.3760485201965744
30e2fc9,8,0.3744091417529696
0a473a7,9,0.37170495076739407
d81a1df,10,0.3678222368040429
51ec76c,11,0.3672209475514632
1d14365,12,0.36572977853637934
f894722,13,0.36572591483466943
380b8f9,14,0.36456707325553794
c0fe460,15,0.3628019861874925
8b3db79,16,0.3600635255023199
fec595b,17,0.35694819779840214
d76a581,18,0.3561393687730614
921a279,19,0.35092545934723196
a226f3c,20,0.3507428820213063
68611cc,21,0.35040813089250433
1795075,22,0.3498423921287006
16727eb,23,0.3491791671897224
5135119,24,0.34400148162988975
a74f9eb,25,0.34373464434075807
9be86f6,26,0.3405593137235874
47fc86a,27,0.33866983459704003
7272826,28,0.33793539091215785
65b65f8,29,0.3368613334159467
1b48dba,30,0.3367266023337123
f28df03,31,0.3365580403425561
9bd9ce4,32,0.3359626223261676
d4a0b9e,33,0.3341061554654632
ee555fe,34,0.33403958909443765
566b8c1,35,0.33344367730532265
39e7aea,36,0.3315362626825932
7695a8c,37,0.3312466402626396
fbb87a2,38,0.32958833506058216
f604a9e,39,0.3278944478571335
79eb4d7,40,0.3274766070723585
ff0352d,41,0.32614303015841806
c6231e7,42,0.32555365699642835
efabab2,43,0.32503818196926537
a29ac35,44,0.3238322465081893
f6036c8,45,0.32347406630366327
5c8eb07,46,0.3233782116225643
2f4dff0,47,0.32227513955878073
6d21abb,48,0.32091811996376196
c501fb2,49,0.3203941249729103
10dddc8,50,0.3197138276371475
26dac5a,51,0.31862203725896765
5b6969f,52,0.31684411462856654
b631eb6,53,0.3153612861831029
3dd4417,54,0.3150351709718422
d097823,55,0.3150137953953773
5332735,56,0.31484050076436054
fd77bfb,57,0.31323234517753784
62d4e33,58,0.3127966859179405
021d4b5,59,0.3127817814937963
1f1bc15,60,0.31245100607182086
ebac9b0,61,0.3123706107978512
e1ceab4,62,0.3118495911930895
fe69714,63,0.3113392350863824
9dd9778,64,0.31099769259435517
7b22aec,65,0.31087460963596425
916c991,66,0.31071062058368004
9be69ef,67,0.31044549635050944
9bdf960,68,0.30889335385263306
6a638f0,69,0.3084338157798211
8f7a249,70,0.3083701252681519
cfba792,71,0.308060493446789
6ef3b29,72,0.30796809259529834
e01e37a,73,0.30708238974427027
6399a6d,74,0.3070193816971918
09e3ca2,75,0.3063421712863468
44a04a5,76,0.3059325191714879
bfaa68f,77,0.30551697044923
b64000a,78,0.30546814329927885
d30c941,79,0.3051833487839889
a7755a3,80,0.30498300371674014
b92cc9d,81,0.30348369461188296
f3f90a3,82,0.3033983224570803
76e8b58,83,0.303366121701817
aa08f84,84,0.30317282315937977
4eb810e,85,0.30297833010890285
d7bdf92,86,0.30263067397024335
abc5ee0,87,0.3024769773256829
cfc6701,88,0.3020121940315257
a96ae79,89,0.3019041855178801
03d2902,90,0.3013920306909106
b2ba965,91,0.3012163944887014
26acc08,92,0.30119414082261153
eab03ae,93,0.30119151307797365
3a9faa6,94,0.3006663109504528
89848e0,95,0.30035399221119485
82d1aa2,96,0.3003516777627959
0d52eb2,97,0.29948464704781264
0b1b9a9,98,0.2993905166267963
60c93e7,99,0.299200148442371
a42fd5f,100,0.2988812662392044
3012cb0,101,0.2988468660425374
1dfa65b,102,0.2987285637078292
9cb8e5f,103,0.2981954095498007
4eca0cc,104,0.29810067077096514
1a46b43,105,0.29779398745057883
da294cc,106,0.2972093593082845
f46ebfe,107,0.2967688442328005
5f33585,108,0.29668773925661607
e56a4f0,109,0.2963003371765889
9bf7c18,110,0.29558828316558794
f5bd08d,111,0.29514094084790854
61d0d19,112,0.2944100858160925
6eeeb5b,113,0.2934453854451873
d539bb5,114,0.29230461561834997
9ee47dd,115,0.292245016965724
1eaea0b,116,0.29215086985462424
7cf0c98,117,0.291850874742023
b9d4365,118,0.29173963722349594
6a07726,119,0.2914570638122229
b74ed97,120,0.2913624892247946
92a2a61,121,0.2910395291554868
8a14184,122,0.2909876949499025
e837f7c,123,0.2907858251190236
85997f7,124,0.2903243448023636
103f123,125,0.28987002363687964
8065360,126,0.2895936142968567
6722abd,127,0.2895244460000431
9c1000e,128,0.28862273294039886
296f2c6,129,0.28810896526894003
1634815,130,0.28764580585427546
3115f16,131,0.2874101091358313
0412df2,132,0.28663899620307853
d348717,133,0.2864447519097011
f6b2283,134,0.28572371885862347
a96e597,135,0.28555777966274865
2ada3c1,136,0.28544241589731234
6a56e1e,137,0.2853077063378282
9244450,138,0.2848563674058511
a71e2a4,139,0.2845263076527289
1d506a9,140,0.28447332887571375
a372c57,141,0.2826607357643445
590bc96,142,0.28254141848059633
c3db036,143,0.2821662387361821
4b6cf79,144,0.28194880272702205
b684370,145,0.28181425921195435
12ea5ce,146,0.28174684154614393
ffaa0f3,147,0.2815247040805441
b16a088,148,0.2813849579084251
de33532,149,0.280823487059187
21bb4a0,150,0.2806995273687133
a5f0c0d,151,0.2805955303492147
984f583,152,0.2800635816466239
3490c09,153,0.2794615605609503
a780db1,154,0.2794436494351762
523df0c,155,0.2794228656513511
6e3ea68,156,0.27915545572277656
a4f9188,157,0.27894168667521546
32e72c0,158,0.2789404430445479
7e0bd90,159,0.27887407393292785
9c4cef8,160,0.27860780656438555
bf1152f,161,0.27839767631137247
f7649bc,162,0.27835510517918327
56f3443,163,0.2782922309758553
7a43f4b,164,0.2782474617935107
822aec7,165,0.27800864580133344
1c538d8,166,0.27794954777067415
f62b589,167,0.27791584858828156
95d6fcb,168,0.2778844679515837
0831463,169,0.2778150719781072
de8ae4a,170,0.27743849366753515
9eebcc7,171,0.2772370573240659
3748f47,172,0.277186804253746
b9f4e91,173,0.2764603211566289
d0f752f,174,0.2762994500062774
91dd804,175,0.27609089921948904
3206dae,176,0.27603525693654296
d84a587,177,0.2753564618443629
83aa5b0,178,0.2752699985300634
0e29ee4,179,0.2752384091581883
94d1301,180,0.27514076219869166
d25a5b4,181,0.2750146138148166
d06e7b7,182,0.27491045700631433
3cdf0ed,183,0.2744395233642638
2d48981,184,0.2743836382745084
8cd536c,185,0.27438330294077073
e6212e7,186,0.2743026449703374
5908f8a,187,0.2741155511857176
a49a809,188,0.27408846486752303
fd76723,189,0.2735343464069958
2e8a54f,190,0.2732473321739082
0e09cbe,191,0.2731692969882735
aefdc2a,192,0.27296177756916284
dd73c91,193,0.2728088032784056
fe9c3b8,194,0.2727871088296763
cf766c0,195,0.27253943805731207
7f88773,196,0.27212510323071704
d503a94,197,0.27206762451670197
f2b4579,198,0.2714621074227759
7e65c5d,199,0.2702412176914575
133b7ee,200,0.27004281315983847
b56ef81,201,0.26924219054207854
e14f74a,202,0.2688504829297541
46b75fa,203,0.26867478936874734
791ce92,204,0.26862068181483245
b194614,205,0.2682918403828968
b6cf178,206,0.2682138085954002
7c190c9,207,0.26814430722915017
8251634,208,0.26813975986113525
7ed9bad,209,0.2674877114325628
0cf17f8,210,0.26737051088549235
7c97e5c,211,0.2673023528437053
f4bc01f,212,0.2672827277372296
96ef54d,213,0.2672202619226254
6c2b6d6,214,0.26706056046824767
e3aff05,215,0.26658365625346236
0387c81,216,0.2664401997042438
e0a760f,217,0.26643635031653345
ec5c1ba,218,0.2663895557804503
d6beaea,219,0.2659318788566203
0e9b000,220,0.265729935878398
53545a1,221,0.265646375874522
8856126,222,0.26554806415380616
2f65d00,223,0.26531036729776414
e532be0,224,0.2650261365100711
9b80ac1,225,0.2642627412230927
49c73ce,226,0.26411656024641295
7212033,227,0.26406501516117487
eb1b2cf,228,0.2640322594976805
2ffbed6,229,0.2638735013155258
9288246,230,0.2635607504173956
d65cde6,231,0.26350511634495544
fd0f875,232,0.26337629744806423
6750484,233,0.2628785823888795
c0e9456,234,0.26270928527376003
1e42e6b,235,0.2626282212886739
401c5e5,236,0.262578628301698
4dea9e4,237,0.2622887320023697
37fb4b5,238,0.26190044651610256
13498e6,239,0.26159647140677045
161a915,240,0.2615503402485476
dfe5abd,241,0.2615147543730594
720ecda,242,0.26108758386111697
1ceccd4,243,0.26089279174607616
baf90f0,244,0.2603513144855283
279f080,245,0.26003453193961357
bc31e53,246,0.25968025633893377
49caee4,247,0.25947728219285204
9fd985e,248,0.25914456179826817
71c867a,249,0.2590006362127675
a74b372,250,0.2583411746647646
602c21a,251,0.2582681397990265
86d92c9,252,0.2582019391312922
1757b97,253,0.2581619803753137
3c4b780,254,0.2581376173900405
36a8485,255,0.2578641259091746
405e396,256,0.257505359471206
d929d19,257,0.2574672506146024
d3208d3,258,0.2573155311758297
a78c9d8,259,0.25725746995599197
5b82c88,260,0.257161387839443
63c36c4,261,0.25715367012682133
ececa46,262,0.25704292235406423
f2dde14,263,0.2569310082650229
9c8d2c7,264,0.25668149511080074
f6ded10,265,0.25666775034668277
6d28ba7,266,0.25658051794183967
3ca8722,267,0.2565492679889958
8c13108,268,0.2564998273675476
545e47a,269,0.25625642258414416
df0fca3,270,0.25622937921701827
5835bcd,271,0.25586000589060065
d7d514b,272,0.2557432499542981
04aa59d,273,0.2555562776682885
d639891,274,0.25535312211412253
0d171bc,275,0.2548476394176341
3cf54d2,276,0.25452167728724384
1311ad1,277,0.25427171070512466
5de83dc,278,0.25408572407630525
053c5e0,279,0.2540810512982259
d0c52c4,280,0.2538374348482493
e971e37,281,0.2537374979433651
3a6b153,282,0.2536459846625314
03a1d4d,283,0.2533263103149833
08a57af,284,0.2531884596165538
89dfffa,285,0.25316850697687365
ad93f56,286,0.25310494875503076
f880bad,287,0.2530715598924258
412274b,288,0.2523867361801999
e200df3,289,0.25238501908599287
bd3dedb,290,0.2523211062057812
b73b677,291,0.25206903792236535
a0bbb9a,292,0.2517183829704477
c67cee2,293,0.25144292996169393
87521a1,294,0.2514377426441132
830e823,295,0.2514008352992194
bc84c00,296,0.250991044388138
59e26bb,297,0.25093898706253337
0321078,298,0.2502643117154211
6e04e25,299,0.2501104334723372
fa601ee,300,0.24991715326337272
93cef03,301,0.24975783822299535
9d83e04,302,0.24972232559350982
78b3cfa,303,0.2496393026331878
d92c1b3,304,0.24962412740455842
6811e50,305,0.24944763851495044
a22972b,306,0.24943258837180138
0d23a9c,307,0.24937923455223077
98eff8c,308,0.24937496393035108
c6a3136,309,0.24928713729303908
5f65d16,310,0.2490903797702685
508cb4e,311,0.24851891010502014
9abf670,312,0.24844011472079197
65f63d0,313,0.2483315840482867
dd0ddef,314,0.24826453779521962
62127dc,315,0.2476767754502044
340af23,316,0.24752472379229296
233fb22,317,0.2474228459716894
68c6b9e,318,0.24729373011995082
dd54604,319,0.24715476132773673
8743063,320,0.24714751455356998
5a3083c,321,0.24711489781408835
244b310,322,0.2470154053482123
e025ce1,323,0.24660695389820486
c2659d3,324,0.24652454913827393
c790870,325,0.24627537684977563
b7652d0,326,0.24624334396348302
6f6ae29,327,0.24563585979377944
b552727,328,0.24559583277420893
f41fcd8,329,0.24554297938515435
d7f9542,330,0.2454988005728319
7285331,331,0.245231550469743
53b67de,332,0.2452284489071972
5481717,333,0.24506872731157547
7bbad39,334,0.24477524917525195
416ed79,335,0.2446970837710949
1a57efb,336,0.24437619735136007
0dfd7e6,337,0.24435628416300337
cfe62b0,338,0.24423893982582268
a758b7e,339,0.24382468863483786
8968ba2,340,0.24371370259465364
9c478ac,341,0.24339980925484372
b848e5c,342,0.24320969513925206
30bacfb,343,0.24291422178823896
8302dd0,344,0.2427521902088814
ede34d9,345,0.24266646247982004
9593ad6,346,0.2426192036420992
9c2f4a9,347,0.2426075522408453
79522bb,348,0.2425743885385031
fbe5656,349,0.2422728064494838
7dfa8e0,350,0.24226974060177964
3119795,351,0.24205768024985286
dc48489,352,0.24196501079163468
c849836,353,0.2416630278786558
e350740,354,0.24164208720833036
583ab8d,355,0.24120263809028086
8bf7df0,356,0.24119381882159707
6ba491c,357,0.2409118040578464
1b22672,358,0.24086256276844098
b30bff0,359,0.2408339381154354
d0f23d0,360,0.24055546499455094
f485a1c,361,0.2402036419097453
97b1666,362,0.23987586738564382
f981be1,363,0.2397450909004082
4fe8ac4,364,0.23974385934119857
e593b63,365,0.23952811980838362
2246f3b,366,0.23937140642787957
2291c8c,367,0.23920089779074383
26e3a26,368,0.23893704459145604
e44b043,369,0.2387399735557032
8275bfe,370,0.2386358014384624
583d981,371,0.23856880208186482
d53fbcb,372,0.23853845062137802
e265ca5,373,0.23835490265556825
379747d,374,0.23817646683261318
d10251a,375,0.23815475535104147
449fb86,376,0.2381520016100831
3527584,377,0.23807598085146464
4a0a0f6,378,0.23798384769648706
863aafb,379,0.23785705645143707
c15c502,380,0.23781062233120442
4538d3d,381,0.23777292069030442
b283304,382,0.2375898160477239
f3ca8dc,383,0.23758330374182668
f62547e,384,0.23754390115302748
634d68d,385,0.23749496310659435
4da6ec8,386,0.2372665618026828
fcabfb5,387,0.2371376488279675
8c5e07e,388,0.23711326205082806
4bd84e3,389,0.2370636539479073
cc7a071,390,0.23681091604525184
8a1d5e0,391,0.23661236862739066
9b6845c,392,0.23641912699909906
f6ce28d,393,0.2362892829102924
89f4c18,394,0.23612760146362466
0d66db0,395,0.23605867633539224
d64c176,396,0.23584548997459587
6fce0ba,397,0.23555939446979912
63154e9,398,0.23554554942051376
8dad16f,399,0.2354750264284451
4456f88,400,0.2353637324158755
dbbb7c7,401,0.23523244360494822
fd8478e,402,0.23516522664710038
d4e5f1c,403,0.23498189757416232
351f0ea,404,0.23491195280464816
580b955,405,0.2345817515568538
23277b9,406,0.23430049599310254
0fb1634,407,0.23429534362760007
0aab32b,408,0.23412457234059247
b2ddd1d,409,0.23400311338985968
9c04d14,410,0.2339936237904413
7c45570,411,0.23386625640382475
8418371,412,0.23378145603765887
e219223,413,0.233740360990901
a6637ae,414,0.23336747717599193
8cc888a,415,0.23332737101870882
2dff587,416,0.23324618102905192
29c3b75,417,0.23317987480418967
b995bbb,418,0.23251242973423691
e9b7a1f,419,0.23243826338843998
3d0ae26,420,0.23217058298883453
d9e1669,421,0.23216051077785393
ead8450,422,0.23212508808497245
96287d3,423,0.23203903307592133
ba818fe,424,0.23182410950438892
7528388,425,0.23159064892303705
907de17,426,0.23154675966030092
c93fd27,427,0.23139750021841599
3a8a968,428,0.23139478739225994
e279e57,429,0.23132194962826746
ec17cb3,430,0.23131905864086222
983b064,431,0.2311633677412248
37ba2ff,432,0.23097520863923604
2b2bdac,433,0.23089141486755715
371c5f5,434,0.23009489204057665
3c76851,435,0.23000986280517544
4456d90,436,0.22985439425081633
3661c94,437,0.22962620412433954
460b445,438,0.22961111373002685
0e91a5d,439,0.22958950512649656
b21d6c1,440,0.2295152354545883
13cf383,441,0.22888643823966437
2109b5b,442,0.2288551307990947
eccf889,443,0.22875200541503582
2618bdb,444,0.22861374757818076
5da159c,445,0.22858174723087843
07d703b,446,0.22843443915253725
e4fa9d0,447,0.22835482684156272
0addaa7,448,0.22828300246596778
7ff6d07,449,0.22787978389024455
0694130,450,0.2277798528896835
60e0101,451,0.22742241318886824
b20c35f,452,0.22719258468911308
da7547c,453,0.2269332295096247
6fa3edd,454,0.22665090523562625
0c4ed4f,455,0.22660779162338518
5657dc1,456,0.22637298748269719
7fa2206,457,0.2263470227000165
329c209,458,0.22630748077360086
9443a8a,459,0.22615636011114904
7a01d51,460,0.22597444428411695
01aa329,461,0.225933409412592
1687372,462,0.2258677033109031
5d21709,463,0.22585640430682152
a9ececc,464,0.2257114582690628
389154b,465,0.22567100233375992
ba6b7ff,466,0.22566675115284995
6e17e5c,467,0.2255929736793424
aedc127,468,0.22536248468679565
f75e841,469,0.2253314473901663
f3843a7,470,0.2251253560847516
b4e6216,471,0.22505145721234476
6a6be72,472,0.22503669028412876
e59d919,473,0.22499528401393665
72d63d7,474,0.2247000792537288
9220f38,475,0.2246026133256812
cffc80a,476,0.2245700913165899
f69f443,477,0.22456792814715454
77665e0,478,0.224191273013292
8dadbe0,479,0.2239974455050976
ae23a7f,480,0.2239584609072015
bec0fbd,481,0.22394485632855465
ecfebf7,482,0.22379831119312066
a403e54,483,0.22373275483866206
da1a591,484,0.2235523502091541
9eed265,485,0.2234822849919731
75a6dda,486,0.2231764328041128
5d1db75,487,0.22305489120873623
0327231,488,0.22304755305168844
7a6bd26,489,0.22280948256800337
9cf28b0,490,0.2226974423405328
1d2a815,491,0.2226706193415795
ec74cfa,492,0.22263057976531708
12968ff,493,0.2224771051448381
90f8b1a,494,0.2221904302846286
32643d1,495,0.2220056300349278
7cd3d82,496,0.22195872532207017
aecfd52,497,0.22139735964686846
73b92de,498,0.2213926204865817
849284f,499,0.2213410924872401
a4a3eda,500,0.22113885043183756
e219588,501,0.22109132390761732
730e5ac,502,0.22105668402659617
ce8aff1,503,0.22096629377305832
348ec67,504,0.22083590977753897
dbe7842,505,0.22071179282190256
8f67ec7,506,0.22070344228815775
c808a78,507,0.22050131435651055
91b44a1,508,0.22028116772618922
a356bfe,509,0.219743130830798
733e652,510,0.21963401742769584
29a7b90,511,0.21961332774469045
e6e7b06,512,0.21937643218945924
35612e2,513,0.21903260785945344
5914a95,514,0.21886139686355288
8c8e46f,515,0.2188260023633153
f824dc4,516,0.2185828090871904
40b47ce,517,0.218512226820044
fa7c12e,518,0.21842014225732553
ea117cb,519,0.21839081799114868
a86a277,520,0.2183440770391869
3729fba,521,0.21830439833485038
96eca83,522,0.21829497914144147
9a6556d,523,0.21795923214973834
9df6b96,524,0.21795741899258714
e1d6858,525,0.21777352756283452
e6449cc,526,0.21765539404976442
ac6b191,527,0.21761937434859446
c6758d6,528,0.21761259169580893
b1a4431,529,0.21745418302160857
5d0d586,530,0.21744747052168578
f456a80,531,0.21739947242467972
9c2b5cf,532,0.2171909992091936
b2d25e0,533,0.21708961912294023
864d2b1,534,0.21707984592709695
9b133e9,535,0.21702676839932455
f25e360,536,0.21692655414364403
eb8a3fa,537,0.21664953755206573
c4510ca,538,0.2163549658678906
b35f8a1,539,0.21625279247446305
f3acb06,540,0.21613325581633058
9d4734e,541,0.2160790929667763
be0c69f,542,0.2160611652881559
e86c229,543,0.21604343067026066
9f0be75,544,0.21603795276703597
55ba297,545,0.2160178686847941
b1408ff,546,0.2160010326044357
b12a2b0,547,0.21599802483120012
f4000f2,548,0.21598888504025304
5cb403c,549,0.21588544876134352
79782b0,550,0.21578178621583421
2f7356c,551,0.2153843524465212
8b52d99,552,0.21531470200620273
e497d61,553,0.21511461531251097
c118e62,554,0.2150876061753607
33ec665,555,0.2150696011903761
8d075ba,556,0.21505251465508013
7053ca8,557,0.2150243370295336
ac0ee45,558,0.21489922851560894
0914f43,559,0.21469561432107132
3bd12a2,560,0.21467004352900143
cb50fe9,561,0.21452678076237108
8403108,562,0.2144460878694331
fbf8712,563,0.2143158931575434
b0b3481,564,0.21421732302373586
47cf7b0,565,0.2140003802038346
8d6b7da,566,0.2139594363650672
0443068,567,0.21392280773823769
0f5e3e7,568,0.2139034103609022
efe7b9d,569,0.21386222387409803
9dba2d7,570,0.21380324710064413
f47d83e,571,0.21372023170396093
4b251bc,572,0.21363707209545557
a93e3a5,573,0.2135232943965436
fd5e4bf,574,0.21347144727950806
6378fb9,575,0.21344177784132623
b56654a,576,0.2134320434028114
9942747,577,0.21337465104465392
f28a47e,578,0.21328445520488082
932ebf8,579,0.21328129896830472
972a35a,580,0.213154608928531
e39a775,581,0.2125914052731872
afee802,582,0.21235135098093283
24588ac,583,0.21221812894085723
b4899f6,584,0.21191474091855267
e6cf8a9,585,0.21177971414545838
2dcc0cc,586,0.21173307163609167
4f57455,587,0.21168147271459148
36ce2d6,588,0.21111946365382206
23bf64e,589,0.2111165750380175
1a9dd7d,590,0.21061543750027556
40555d1,591,0.2105575220866096
2384ac7,592,0.2104539326171918
cbe53d7,593,0.21037034133860977
8f2301e,594,0.21028526788033086
188ddd4,595,0.21008765833296894
15671e2,596,0.2100369667776264
b996bf7,597,0.20980481096655113
768b121,598,0.2094949239850573
0e0e0b5,599,0.20933659810043626
01ae040,600,0.209131646273219
5147ff5,601,0.20906550089759468
34aaa6a,602,0.20871352960098943
2782a2d,603,0.20861184269147715
4f1e69b,604,0.2085856432235944
a0f3e04,605,0.20855364216538785
b172c52,606,0.2085353376831649
a033d9d,607,0.20848609999079115
f498cdf,608,0.20845653729704228
01e82da,609,0.20838228742785092
3962779,610,0.2079100319945837
b852a8e,611,0.20770203420069255
a701b9a,612,0.20763726705724816
5e3f776,613,0.20757630243198555
147ef7c,614,0.20745995877962675
7ea04db,615,0.20731620340295398
e6df7cc,616,0.20727169700478243
800ee05,617,0.20706187865822723
80b1e90,618,0.2070442697444621
4fd7ba4,619,0.2067592364510622
01b9c2e,620,0.20650666566461306
5baa816,621,0.20650175044245112
1a885ca,622,0.20645146070714615
fc94554,623,0.20637137595177746
7dadc2a,624,0.20621328044312703
231e2e5,625,0.20580193074183328
858c6d0,626,0.20567356204723242
c59f494,627,0.20557686098162553
c8874d7,628,0.2055754083677055
3693e02,629,0.20549168257054973
98a3496,630,0.20519499840732847
4cc8923,631,0.2049030704690863
d877581,632,0.20477048559211797
5d2fe77,633,0.20472564873080645
3bf746c,634,0.2046899591600847
95d2cf0,635,0.2046422007106251
91d0741,636,0.20437281909250815
d4e1396,637,0.20428868772961928
b6a0d05,638,0.20426163556678179
672d0cb,639,0.20404173398266434
278366b,640,0.20400863002942815
4bab561,641,0.20399707981877835
160fc10,642,0.20395339848689542
da6d030,643,0.20382854067350542
4dae458,644,0.20374914080631323
9e2581a,645,0.20366291310958884
4e76afe,646,0.20357813487528786
619b687,647,0.20314178390951299
78ad153,648,0.2030942249599319
9707f8d,649,0.20301934776288433
70ba737,650,0.20299947838737453
ad6929e,651,0.20273543693115026
a3b45ce,652,0.20267962747156532
421918b,653,0.20253118536543147
bb92ef0,654,0.20190277600470763
026fea0,655,0.2018396775403274
08d31ff,656,0.20180138826627214
c925531,657,0.20172579987988037
fd4c612,658,0.20172157599264584
cfff0e3,659,0.20162738157793025
d086678,660,0.2013426151709421
9494bae,661,0.20120327853848363
4812d09,662,0.20116862685622772
fb5172c,663,0.20070565397264262
c70113a,664,0.20070378525155774
95ba92b,665,0.20056875752573633
4df0767,666,0.2005234056354801
6c43b05,667,0.20046320118327376
a2711c1,668,0.2001945735014028
3706452,669,0.19995846945630646
30304de,670,0.1999014785884835
d275862,671,0.1995677150242665
d1cdea8,672,0.19908524011366013
7385f76,673,0.1988295363703192
e61d2aa,674,0.19871491519959883
32c54cf,675,0.19834901867536825
4ce05bc,676,0.19830940898722105
7a75e89,677,0.1978697727361297
d2d4c5f,678,0.19765280340049785
5d31464,679,0.19756286227346664
a25f1e4,680,0.19755737201231005
9283a8a,681,0.19718728650829187
8de9de7,682,0.19718319211500135
31a4af2,683,0.19714495908881868
40c5b89,684,0.1967480824801786
ab4e016,685,0.1967351886758033
9e22c25,686,0.1964236945435316
812995f,687,0.19613683604524823
3b54252,688,0.19604826811048326
584fc0c,689,0.19593325650476756
8c6718b,690,0.1959104830978059
2062016,691,0.19577445507786617
8992fc6,692,0.19564102374373094
526956b,693,0.19525328540115483
a9c242c,694,0.19524413390715134
6f043a3,695,0.1950489980825214
2ba4d7e,696,0.19491794239025817
d3cfb2a,697,0.19472670658745883
a94bf27,698,0.19458049366385932
38844d1,699,0.19452099157769454
26c81be,700,0.1945203172303459
966160f,701,0.19419518381945888
4b83ccb,702,0.19403470974398662
f930467,703,0.19398277127052377
c92a3d9,704,0.19393547571659586
979b9f2,705,0.19386215933112216
920b7bf,706,0.19381891991948774
5c1e4e5,707,0.1937815095055797
e95d9d1,708,0.1935602399049705
aa09ac7,709,0.19341265122643392
c1fd6e8,710,0.19339807039299506
0415efa,711,0.19303426599045603
9aeabf6,712,0.19300567643645827
292e891,713,0.19292379710384389
d27e072,714,0.1928769141360629
90dc5f6,715,0.19281849130004813
5453711,716,0.19273124609306436
6da2195,717,0.1927287921515488
79c28fa,718,0.1927264882804376
6817426,719,0.1925969520984565
fc505bb,720,0.19254715107899112
6423083,721,0.19249814208031002
970afd6,722,0.19234757016215576
08aeba4,723,0.19229863258623592
466c739,724,0.19226912317222444
b03d685,725,0.19215479673367586
099f277,726,0.19143757587779997
57ef0f3,727,0.19123255427915953
b3ed241,728,0.19115091698678155
1f16f82,729,0.1910882907988869
34b2aee,730,0.1910324300195566
0ca5e95,731,0.19102591409993008
9f6c9a7,732,0.1908075366607146
8d0aca9,733,0.19072744850283252
3c1efca,734,0.19042352946721564
2be1c1f,735,0.1903202944108442
d2ada86,736,0.1902742400425128
f8a9ce8,737,0.19024523664596393
6c0c936,738,0.19019023006826208
3b86bd1,739,0.19012058332063397
779d86e,740,0.19004906632239604
e6275ff,741,0.18995251755307951
b11c7a4,742,0.18991927783526086
06d69c3,743,0.18987538318155406
99cd303,744,0.1892833230458777
521aebf,745,0.1891747566013422
63c5ec9,746,0.18911047186762953
6f35d5b,747,0.18889643575469162
6c65646,748,0.1885091159453578
b883c95,749,0.18845606188057562
83caf39,750,0.18836393565703913
9e94c3d,751,0.18812030884466124
d76192f,752,0.1880886037807037
ddf7624,753,0.18796463028495924
3cde8be,754,0.18775311229014813
4f88cf3,755,0.18769904896759582
2628b29,756,0.18746850409048665
cdd62a0,757,0.18731993185974438
5fa559b,758,0.18725682663312693
2466ed1,759,0.1868699143925322
71f799c,760,0.1866716707020829
16c4d04,761,0.1866232969330721
19e6b41,762,0.18658196624667223
62bed05,763,0.18607396202874216
74cd1e5,764,0.1859922141671968
24af0f4,765,0.18598731895642628
3dfb882,766,0.18584857947662803
008db75,767,0.18584455021853685
3dc75f4,768,0.18578765163099709
4758c33,769,0.18569178551719334
a71e069,770,0.18568060700927014
0974335,771,0.18553597269738653
7d10ae8,772,0.18550065050229936
12bc799,773,0.1854482592402371
d7f23ef,774,0.18539974800767267
38d04c9,775,0.18529237342264637
3bbbeec,776,0.18529176289063654
356cec4,777,0.1851874163669266
c7ccab6,778,0.1851461477286368
35396f7,779,0.18504192461790359
1a7321b,781,0.18477296068051485
f4172e1,781,0.18477296068051485
bb8e144,782,0.1847551081718164
5e15690,783,0.1846994920057955
3484ff7,784,0.18467047733534137
8ce6b30,785,0.18446782189769984
3eee7ea,786,0.1841558706839832
a300593,787,0.18407658925392012
952b612,788,0.18401370900183156
e045f37,789,0.18380673604075604
d838e25,790,0.18376386719817583
911f0fe,791,0.18372028151472486
fde0835,792,0.18363694517382356
2ab6902,793,0.1834034549847856
402160b,794,0.18330517505588584
2d69367,795,0.1831186469188053
9a179ff,796,0.1831124549898998
982271a,797,0.18299890520895157
d906626,798,0.18293761991930946
90e58a9,799,0.1826690868194002
6375e63,800,0.18231938742435538
dc3d150,801,0.18217081682564595
76ab3aa,802,0.1819789452448608
92fd840,803,0.1816065853144152
81d127c,804,0.1814467549260882
c95eb0b,805,0.18100176355277608
696375e,806,0.18082306216029465
3531f01,807,0.18077601509780594
c9aca98,808,0.18070239878865868
bd4c068,809,0.18068915996872403
79a13f9,810,0.18052874273577657
2708b20,811,0.1804627900429816
f5146d6,812,0.18028481157972964
4020136,813,0.18019733153502115
7e00cc3,814,0.1800735056413134
05f7f60,815,0.17993560671610187
e6aa3f4,816,0.1795883832185825
11c00fd,817,0.17893392418515386
327124c,818,0.17879176791048434
120e9f5,819,0.178553955354677
4959064,820,0.17834949592721316
a5d99d5,821,0.17834000617349088
f0d00db,822,0.178080071181836
14c336d,823,0.17786679004388029
41cebae,824,0.1778595717261463
e6f4e5f,825,0.17785133014360555
bd345d9,826,0.17779588235220256
9fdb5af,827,0.17771280683120794
2974de5,828,0.1777039575103404
8cc5fa2,829,0.17754994945170344
d191645,830,0.1772216890553966
3b8da0d,831,0.17704016600301586
59f6a94,832,0.17703974539773903
a669eda,833,0.17700036338613812
c8d1625,834,0.17674618544039533
65cbdad,835,0.1767302358188294
b9b5413,836,0.1766152091590122
4f92fd2,837,0.176532178686314
526cab3,838,0.17647593950879625
2095a5a,839,0.17619842526683405
dbbf24f,840,0.1761861939381656
7e1789e,841,0.1759845354701759
dadf1c1,842,0.17580570497965453
104dbac,843,0.175699598631462
e324df8,844,0.17559833938017522
c09c944,845,0.17557353253249863
dbb024c,846,0.17514681443742564
cb6ba88,847,0.17514271745961973
9102bea,848,0.17511321538283864
606a202,849,0.1750168785638303
b871130,850,0.17496616482457705
eb833ab,851,0.1748516063993577
f0d243d,852,0.1747734311089142
eb7bc01,853,0.17452325195234453
ac9e22b,854,0.17434138389031784
205f072,855,0.17404071682773958
2cf7f14,856,0.1740284776162626
09390c3,857,0.17360268748174135
7c4c349,858,0.17352549836399
03a4358,859,0.17351974937363945
74ff198,860,0.17260793399936558
a792a2d,861,0.17255889826217663
905febc,862,0.17219026953589978
584e732,863,0.17192274800232865
8db7e1b,864,0.17174827085350342
ec9f2c4,865,0.1716615640800363
b1e8273,866,0.17129455255578796
daf025e,867,0.17120940729842593
e703a2c,868,0.17115860953885687
7808ac2,869,0.17100302557275626
a833c45,870,0.17093867308220645
4ae6314,871,0.17089905332621358
7ec3424,872,0.17089481911379734
b8789b6,873,0.1706024914337596
41ad5a2,874,0.17057079849582923
9c5cdd2,875,0.1704765658226386
f85bf2e,876,0.1704226158203045
deebf2d,877,0.17029179142115636
4c47502,878,0.17017909216595328
036bbe2,879,0.17015112303233726
d504ad5,880,0.17001738360888508
479f777,881,0.16994366828054464
b7b2ade,882,0.1695309564250459
43ed500,883,0.1694828005735396
051edd3,884,0.1694043339506055
755cd2c,885,0.16910764321922578
e4044e8,886,0.16875632619804293
851a280,887,0.1687466294274591
c9d5302,888,0.16868809025671627
d8ee180,889,0.16868320016472793
86d5e41,890,0.16857145563400977
1bc8da8,891,0.1684218800462165
88bb991,892,0.16803490210683758
8de3eb5,893,0.1680325112101022
917b65a,894,0.16788127082943172
c22d490,895,0.1677955302613765
ea364f0,896,0.16759919469422369
62b3877,897,0.1674365762155574
5c4de78,898,0.16730559284828106
f62c079,899,0.16713477735364046
f76efe5,900,0.16712689525826185
65c7c96,901,0.16702849403349518
be430a4,902,0.16696402275746725
559bc9e,903,0.16674431507974885
ec21789,904,0.16671547907400308
425d814,905,0.1666218148156785
25c9eb8,906,0.16657934625884996
a71b17a,907,0.16648358571606547
1939068,908,0.16647941644843
1d3a7b6,909,0.166257584171551
70e2a2e,910,0.16616291142888984
cf9d715,911,0.1660727574422206
59cfef1,912,0.16605746639869934
7d375de,913,0.16591746568197474
dff65ac,914,0.16588909405807162
47c5f8a,915,0.16585341302576728
05c18b9,916,0.16582715467069753
39c78c1,917,0.1657265567635876
ccca505,918,0.16568531619701687
ca1ca92,919,0.16563584311820534
605b115,920,0.16562017941567142
b0cf79f,921,0.1651510822937461
aeb7693,922,0.1650157136602204
6d7818c,923,0.16483789608560673
e1df5f5,924,0.16482722820636264
09621df,925,0.1645730481780785
264e9ec,926,0.16456423266703735
34a8ad1,927,0.16451577672528894
c25bad3,928,0.16444953221372716
a823b1c,929,0.16423515707533964
3ec57d9,930,0.16419170660079063
815c211,931,0.1640047945987354
69463d9,932,0.16365897578215205
8dfb5ce,933,0.16364019473603975
9f777b3,934,0.16352654583210957
23b0de6,935,0.16347035252447661
2781120,936,0.16340604806683057
49853ae,937,0.1632219699436811
6b35f28,938,0.1630186793378523
423d4ac,939,0.16299495977502176
eb5d097,940,0.16287648338935412
003c98d,941,0.1625271871869679
1445596,942,0.16231750380916554
de771e0,943,0.16185501205713104
31aad64,944,0.1615873206427838
551cfe9,945,0.16154592972670323
75f5c92,946,0.16147690104388057
daa2078,947,0.16144269391842359
176ac97,948,0.16144157745414245
f7f9886,949,0.16128897103727913
05abcce,950,0.16122440575215657
6d2a48a,951,0.1610930704524003
f4f3c22,952,0.16098357767189098
3c384f8,953,0.16070596640139534
a7faf40,954,0.16055681445616
8d6f28a,955,0.16040678996233027
92990a7,956,0.1603253766909467
ef7a59e,957,0.1601582066348326
6d67900,958,0.1597784254911574
d325f0f,959,0.15970904029775046
500097d,960,0.15968514919399757
1c84acf,961,0.15949217374967462
43336b0,962,0.15940371040960832
34bc9a2,963,0.15915890086062345
602e3fe,964,0.15913357097978043
b414e73,965,0.15899138492703702
76d27d8,966,0.1587624931415157
b351035,967,0.15863847074032766
845ace0,968,0.15853828096943734
d79a0a6,969,0.15818197248140609
fec4e92,970,0.15767774432947146
8edfb37,971,0.15764100405575454
2dfcbbd,972,0.15750291502456992
6c1ed57,973,0.15735817537440155
2a02f63,974,0.15725365601831165
87f9a69,975,0.1572001937924261
dc7eb2d,976,0.1571652000793039
31c3cf3,977,0.15714445871048444
03f59b8,978,0.1569116042530342
0c84b28,979,0.15679685924806508
7e41497,980,0.15677841972118944
544ae4a,981,0.15668441041861392
06c6583,982,0.15667281889944784
efe5355,983,0.15658577593579048
27b0d6d,984,0.15652662461225542
cf02f34,985,0.15628908734956748
d967c53,986,0.15615616135796395
1607750,987,0.15596780022537737
9d8efd6,988,0.1558631364002423
7050f54,989,0.15578932400989143
01f0a64,990,0.15578517469296715
c7b489f,991,0.15572233876813513
a717386,992,0.1557141215950706
b219ec6,993,0.15563122055800793
8d825e4,994,0.15553994730657605
9631f91,995,0.15545082099717944
d8ae9b4,996,0.15543531966886415
33ca1f2,997,0.155347128728353
751a791,998,0.15534283099098278
6d908e5,999,0.15521374845667135
3c3ccb7,1000,0.15517715731539006
792b734,1001,0.15507498279761245
c066ec3,1002,0.1549295813646071
15ea903,1003,0.15485400461967225
a38f94b,1004,0.1548306381657404
ca029c0,1005,0.15478903474054773
4850e88,1006,0.15477807971370594
0114de8,1007,0.15453335249788624
3d2d4ef,1008,0.1544570769448046
811d7fa,1009,0.15435662054229926
e640d16,1010,0.1542993535565481
a889c1a,1011,0.1540680952723652
ade377f,1013,0.15405522745952882
71a032b,1013,0.15405522745952882
37bdc7e,1014,0.1540068084326931
be8ca35,1015,0.1539868953166591
47dbe73,1016,0.15393364185547498
68853bb,1017,0.15393022335541418
53e1621,1018,0.15381400675747992
0509377,1019,0.15373080271909567
bd8f05c,1020,0.1536678977373097
b71d09e,1021,0.15360310352910422
f8d4090,1022,0.1535463538947569
6c051d6,1023,0.1535426157812525
e16786f,1024,0.15349488782815013
615ca9a,1025,0.153454794715427
870a6d2,1026,0.15322718850248984
a4dff96,1027,0.15299626485754514
ceaf74b,1028,0.15274763304303185
9d3a3ad,1029,0.1526031526164453
11b686c,1030,0.15252504666827504
b9d127d,1031,0.1524544752829744
a3200e5,1032,0.15228753186442257
44c54b7,1033,0.1522577793270793
ade740d,1034,0.1521654129087573
5cd0eef,1035,0.15212050367553487
d655580,1036,0.15198336025367376
d1c8fbb,1037,0.15196563143738662
1422c5d,1038,0.15192590891819258
d2a0c1a,1040,0.15190098905339022
c33306f,1040,0.15190098905339022
eab0f24,1041,0.15163502762997605
cb97e40,1042,0.15161484080297272
de479c4,1043,0.1514215528105971
54f94ab,1044,0.15132045924453918
542deb1,1045,0.15131948422412367
6a360c7,1046,0.15114386388156364
e67b032,1047,0.1509440097875483
8c1d40b,1048,0.15089496240544853
b1713b4,1049,0.15078361516334937
21d4609,1050,0.15071687223323116
d69cc30,1051,0.1506649776455199
081dc33,1052,0.15065729456414778
47574cb,1053,0.1502137031497892
38c7118,1054,0.1502022732533499
1d50b59,1055,0.15006233591888873
3f9c0b8,1056,0.15002018037821174
0b7ac62,1057,0.14996586921989974
8d6fe81,1058,0.14995666123047868
ad94f87,1059,0.14993601050339622
138baec,1060,0.1498773864980386
aab15d0,1061,0.1498645283758815
7840ab4,1062,0.14945206459618388
e3b6440,1063,0.1494017963673654
c6a511b,1064,0.14935193632915933
8d69bf6,1065,0.1492767466631909
af6140f,1066,0.14923601295511524
b4ed8ee,1067,0.14920091477938335
82791fc,1068,0.14917601253128088
d6a438e,1069,0.14904567068091623
75ba92f,1070,0.14899240968110516
a623114,1071,0.14890915511601577
db6c9ba,1072,0.14882063010293478
f72a905,1073,0.14872208604952863
f88f7d1,1074,0.14850124264264353
9a285f9,1075,0.14835121545751606
adec3ae,1076,0.148266714458259
1a47f53,1077,0.14826011004479545
493539a,1078,0.14824579994491127
70d2c64,1079,0.14819629482313523
df6556b,1080,0.14817844355854204
772b61f,1081,0.14812104194261067
8d4a233,1082,0.14811824802910423
0832bf9,1083,0.1480756865427515
ed7ae79,1084,0.14781280325373714
1fbd106,1085,0.1477817536643269
3de2d40,1086,0.14759752113936864
faecb29,1087,0.14756085799497398
ebedf30,1088,0.14744584534034055
73eb9d3,1089,0.14733928362222626
348ab19,1090,0.14728153453370618
801524e,1091,0.1469314608126544
35417b9,1092,0.1468210210349552
2a29e2e,1093,0.14671437506466067
c8fa333,1094,0.14671409730104668
cac390d,1095,0.1464846504027253
98cfeed,1096,0.1463465518278514
03aa56d,1097,0.14621130635667812
60cefe3,1098,0.14612314175309593
5988ff0,1099,0.14599299591507997
1d98f1d,1100,0.14589472354000077
2289324,1101,0.14588867820535656
6537e18,1102,0.1458435633143892
0e3aca4,1103,0.14577317732424477
6a978ea,1104,0.1457642003711067
db5537d,1105,0.14572575650328323
90d3a37,1106,0.14568504308772634
c94083b,1107,0.14560865648921706
d34be50,1108,0.14552365999323735
c69860b,1109,0.1453024305117654
5ced9eb,1110,0.1452805459428962
4b1e08e,1111,0.14518593608508068
7f5f819,1112,0.14517284176851697
4c13fdf,1113,0.14503659768592914
26cf6d5,1114,0.1447839843144061
611a075,1115,0.14464610569371095
0ea2f11,1116,0.14457463953124905
862e1b8,1117,0.14447434938824666
83f7428,1118,0.1443577343633975
6b108c0,1119,0.14422995430221874
d71cb7a,1120,0.14398724254293527
10cb700,1121,0.14385347400956228
4e6ce15,1122,0.14374150770764926
9768643,1123,0.14372611073880837
6e24298,1124,0.1436340229773363
2efb90d,1125,0.14338063745800678
8075f3b,1126,0.14321689587963693
c7a42fb,1127,0.1428837706891677
098d6d5,1128,0.14274193577811367
6fff3ab,1129,0.1427336947627491
8a1a916,1130,0.14269151447034656
bc1514e,1131,0.14259418614256725
ce3b355,1132,0.14255194960948114
4877e67,1133,0.1425117930155715
58798c5,1134,0.14246151498495463
b69a575,1135,0.14230702363885395
43dcbb2,1136,0.14224142684688623
4f87a2a,1137,0.14161452800193808
e3a857c,1138,0.14156373219533036
f048bce,1139,0.14154640257207718
0dfcb4f,1140,0.1414105954507402
df3dd4c,1141,0.14135459357754343
2011877,1142,0.14118017111028647
d322139,1143,0.14117203349261243
c6a0863,1144,0.14069150574054656
c52275e,1145,0.14065000225000035
6ef14bf,1146,0.14053536967406433
8dcee59,1147,0.1403338847721166
bd64816,1148,0.14027425508494007
255ebd2,1149,0.14016948873968493
46af818,1150,0.13993936253431472
7693648,1151,0.1398869337036006
d05d528,1152,0.13973798918513025
d7fff63,1153,0.13973042237501665
3571238,1154,0.13955872879874454
cc84446,1155,0.13950354518380836
e42bae8,1156,0.13946326905311668
76fcbc8,1157,0.13920816521711532
dd273c5,1158,0.13919889616578485
a7fbd3e,1159,0.13918405959305058
ffadea4,1160,0.1388837059658734
44fcbc7,1161,0.13882734747095804
10d2b4b,1162,0.13878366441483092
cbbcf48,1163,0.13869179886504135
ae563a4,1164,0.13863915469993704
9c25e76,1165,0.13852373571971666
d792ae7,1166,0.13830234933984353
0201406,1167,0.1382873549047492
cc3b4ca,1168,0.13807335360716777
d96ea7e,1169,0.13805782122577492
fa15a15,1170,0.13780352477473723
9e10fc9,1171,0.13779077713782895
4ece188,1172,0.13773914006404486
c5db34b,1173,0.13753987122197575
e701758,1174,0.13747491074998597
6606533,1175,0.13746853080680488
055a88a,1176,0.13745198709589934
b424c80,1177,0.1374328195730119
b805823,1178,0.137397985763958
b5e1071,1179,0.13734067664160565
24c3548,1180,0.1369491052066737
9d1f2f8,1181,0.13677151763498052
75de111,1182,0.13671772326954112
556c577,1183,0.13653098101367767
16310dc,1184,0.13644020766251885
c43fa5d,1185,0.13642194976597022
7d7e399,1186,0.1364088011619884
55a5e54,1187,0.13633407372185635
774b7a7,1188,0.13631224486308513
5521b39,1189,0.13621746142856017
72e8eb5,1190,0.13610105039897524
07d2637,1191,0.13598137383069264
35d0d2f,1192,0.1359552736146944
663b053,1193,0.1356777522180881
e96c654,1194,0.13547503340689426
8520b32,1195,0.13539733003474252
811975e,1196,0.1353496799346119
0bfe55d,1197,0.1351724386390617
d69852b,1198,0.1347338734631618
2c339bf,1199,0.1347220441264979
9185822,1200,0.13470062359287005
d49e229,1201,0.13469675818953852
95836d8,1202,0.13457679665058175
0fa1692,1203,0.1345507889130737
2b830c2,1204,0.13451403839081155
a58051f,1205,0.13450383292233048
9d1be9a,1206,0.13439848948555322
42a7988,1207,0.1342428203030155
7d903ca,1208,0.13420038093244557
837598e,1209,0.1341001608338035
9c3353d,1210,0.13401063578919958
e2d7bfa,1211,0.1338808610536586
378c6a3,1212,0.13341399687943567
331a6b4,1213,0.13325802197277226
7d94ce1,1214,0.1327847487654923
a222e19,1215,0.1327757160210572
d370dcd,1216,0.1326181228136678
de3e120,1217,0.1325721366082272
5d6b34c,1218,0.1324700217450554
034b1d6,1219,0.13245526386018525
adc70eb,1220,0.13185763680412776
2210ab2,1221,0.1318322360289661
4b1d1f1,1222,0.13168672650993585
94417fe,1223,0.1312501634387584
e59807b,1224,0.1310265309143338
19c62a6,1225,0.130883693455755
57ef80c,1226,0.1307076412667918
1e1006a,1227,0.13069864079955984
900592f,1228,0.13066268177233042
06117fc,1229,0.13043539089557998
cf5ed13,1230,0.13031814585883927
14a77ce,1231,0.13027090602650204
95d8400,1232,0.1302574454020453
51bf009,1233,0.13014424138680314
6903e37,1234,0.13012879759342666
d1bb06a,1235,0.1299623803534713
28c7854,1236,0.129942306100283
fddc523,1237,0.12990082470684738
96b1276,1238,0.1296879150635155
9e99fef,1239,0.12959083822368944
edb9b62,1240,0.12948162204915925
d962ba0,1241,0.129332330450164
37ffdce,1242,0.1292964761601415
efab3a0,1243,0.1292699908129844
276e08f,1244,0.12924022469695262
f3f9625,1245,0.12918525367194944
84f1ef1,1246,0.1291677630814665
4eab86e,1247,0.12910795432177957
70f2914,1248,0.1290631769757209
6eeb2b3,1249,0.12905240290153241
2c6b6be,1250,0.12898066084379112
3b9d4d2,1251,0.1287659414961323
d607614,1252,0.12852050553343952
13faf01,1253,0.12849396269482116
28855b4,1254,0.1284579574679955
a2bdfc3,1255,0.1284293463432803
94d606f,1257,0.12832581853989578
4102896,1257,0.12832581853989578
0264e58,1258,0.128233620486916
be74c45,1259,0.12820785079994523
c7286af,1260,0.12813537034246347
217fd26,1261,0.12807478591507093
55141ba,1262,0.12797729130629
f84062a,1263,0.12795692898987476
5d66d93,1264,0.12793986879769026
cc7e3e7,1265,0.12790366637902972
bcfdd3b,1267,0.12790156971964517
ffc0dd3,1267,0.12790156971964517
0db46cc,1268,0.12787330079880999
d50d68f,1269,0.1276864778563579
63c7bc9,1270,0.12761356947142777
1e04f22,1271,0.12756567208362724
a4a80f7,1272,0.12754639313561023
43b2afc,1273,0.1274508876877859
8c5bbf3,1274,0.12721002630252298
2c281e0,1275,0.12709991313109337
5979df5,1276,0.1269240179690504
0a90446,1277,0.12689655395969435
3b18c97,1278,0.12680678933142597
bdd3deb,1279,0.12674987438530239
5ef2d6c,1280,0.12669622946482217
67d1d36,1281,0.1265880009442314
d16530b,1283,0.12658125343690352
fa59345,1283,0.12658125343690352
0905e8c,1284,0.12653830447828818
b704ce8,1285,0.12649823513361014
ad8d86c,1286,0.12639391063349303
908eab2,1287,0.1263311986851695
8fd1834,1288,0.1262098711595233
e75d06a,1289,0.12616846550651162
b456529,1290,0.12615755601198275
9f2325d,1291,0.126081816406177
0d45803,1292,0.12608054878549224
c306762,1293,0.12597830367508056
fb076ae,1294,0.12595499024028012
546fef4,1295,0.12591916025419958
ec4c52a,1296,0.12571716550581424
8348f00,1297,0.12566406596399504
5ac2a29,1298,0.12565980254009812
85a8ab2,1299,0.1256105433466117
85387dc,1300,0.1255135371945354
794cbbc,1301,0.12538412844569025
f1a9174,1302,0.12518809090369254
89ac173,1303,0.12499829884980018
2cab343,1304,0.12497695182130253
82074a7,1305,0.12495103122948881
4ced68e,1306,0.12470685757474753
02c96d8,1307,0.12453539773659306
18f8949,1308,0.12423991736858375
0b83d76,1309,0.12417602939532568
af0580f,1310,0.12415363846526006
1c6e9c1,1311,0.12409122087277291
094eb0c,1312,0.12406561350856171
c0f9beb,1313,0.12393326710287733
ff60723,1314,0.1239025460281542
2d6a06f,1315,0.12372223316105746
381b1c4,1316,0.12365782914401868
3bde240,1317,0.12355274658205362
ac71549,1318,0.12349004414423914
0a76fb6,1319,0.12340336821536901
58b5609,1320,0.12323885257024336
f278606,1321,0.12307542490350709
5145f82,1322,0.12298877147813403
f4bb5f4,1323,0.12295038735649455
2fe1cb9,1324,0.12283379807317674
480739d,1325,0.12273557306872684
42009b0,1326,0.12271784263526897
6c8a0cb,1327,0.12262107317071891
e38ef22,1328,0.12249632739108918
edbc579,1329,0.1223156038952391
3ced4f2,1330,0.12223164029020905
be6ab60,1331,0.12189919345517453
3a61299,1332,0.12181559588682989
f24be14,1333,0.12180693093722128
6d732db,1334,0.12179047884423078
659f6c1,1335,0.12148401090397065
794f8fb,1336,0.12128573141591459
b6f2a44,1337,0.12110354711788496
7d32eeb,1338,0.1210964318434743
916d1bf,1339,0.12107792011886176
4b75615,1340,0.12083180097662927
7847852,1341,0.12075409172395057
32f700b,1342,0.12055676286595451
855942d,1343,0.12046106677960844
af98e93,1344,0.12040085569762249
329908e,1345,0.12035218623757471
b551cac,1346,0.12032844571554091
90de12b,1347,0.12027872952839824
72a0f81,1348,0.12024525680801323
f8b575f,1349,0.11994493864804989
e567cc1,1350,0.11953554748717099
13d155c,1351,0.11943539888023513
3c8e507,1352,0.11909044759420417
8bbdea5,1353,0.11907538514666127
47808af,1354,0.11892907653087348
e7077a6,1355,0.11890316610008933
69bf5a3,1356,0.11886947073426213
0fa07f9,1357,0.11871856397079472
fc21b26,1358,0.11862327165031517
35b73e4,1359,0.11856793586272563
71b3181,1360,0.11851487961962037
93f7fa5,1361,0.11848991925443353
c44b200,1362,0.1184674593766295
14b3a11,1363,0.11837051967029244
8cfe8b6,1364,0.11827785640885413
db9fb4e,1365,0.11826831370273883
c200ad9,1366,0.11824411470894103
3fddf5f,1367,0.11823391961758689
41ba9e0,1368,0.11821637621762793
d45344a,1369,0.11811403845372026
c8d6f0d,1370,0.11804968940945304
37ef255,1371,0.11791606757451756
28f28f1,1372,0.11788272647932807
a129a59,1373,0.11769733014355743
ed492bd,1374,0.11759106058980495
3fd6780,1375,0.11749326608714183
a5de7d5,1376,0.11713417527498526
0f9916e,1377,0.11710936544581618
3933151,1378,0.11707290083535093
ebeb2dc,1379,0.11702544949625704
c0f3bda,1380,0.11700305695269808
36b2203,1381,0.11698723943368239
074e866,1382,0.11696787096740924
c2b8c06,1383,0.11677154416329427
fbd85f1,1384,0.11670004460385375
e21a8f6,1385,0.11662023192071691
2427d65,1386,0.1165997433701298
f2b574e,1387,0.11652396924992903
4c44a57,1388,0.11650344018325143
98b247a,1389,0.1164978924268143
0fa6407,1390,0.11649494814657213
4a29872,1391,0.11623757195593243
d82fba3,1392,0.11608339946065327
db308cd,1393,0.11606009821648422
d137ca4,1394,0.11599436263427931
af4ee07,1395,0.11595740854988923
e62bb3b,1396,0.11582812816542698
0878ad4,1397,0.115817439449317
2cb671b,1398,0.11580875676709268
921b723,1399,0.11574954865069609
dd7aa20,1400,0.11574278480266087
82545c8,1401,0.11573688706812724
0cf244d,1402,0.11568201957534818
e5b731f,1403,0.11540424337026067
f0f4dc4,1404,0.11538746380618725
1f89e22,1405,0.11533806860510776
98c66ea,1406,0.11519851218448474
d79f686,1407,0.11516783949626497
8acd079,1408,0.11509089858319921
2bc1662,1409,0.11508513762859762
b0f473c,1410,0.11505301694668224
ed42d25,1411,0.11503526288135912
c6515c7,1412,0.11467348596967597
a3d1443,1413,0.11453729522758271
20b4a70,1414,0.11443555479102385
200ab0e,1415,0.11438377917774312
6de4eb7,1416,0.1142935567470802
6d30434,1418,0.11390645239319397
e577a60,1418,0.11390645239319397
1a6bb87,1419,0.11381082028529987
5393962,1420,0.11377824576854967
ef9ef25,1421,0.11376435482190994
d4f4406,1422,0.11355736007173622
d5e5ca8,1423,0.11350937893997526
87097c6,1424,0.11348276827114079
df5c1fc,1431,0.11348067756900238
6fbda16,1431,0.11348067756900238
cd8734b,1431,0.11348067756900238
ac17caf,1431,0.11348067756900238
dd64a3a,1431,0.11348067756900238
2cf58b4,1431,0.11348067756900238
3037c15,1431,0.11348067756900238
2bd94c6,1435,0.11344561557455446
a49d74d,1435,0.11344561557455446
c2ee904,1435,0.11344561557455446
ac851ff,1435,0.11344561557455446
259957e,1436,0.11336765441479113
b5dd815,1437,0.11331738301669281
9c25f44,1438,0.11328822789114446
1e8bd16,1439,0.11326128181646722
e8799d2,1440,0.11321926164641871
1d2078c,1441,0.11316387816780904
7ea0108,1442,0.11310334536612665
2e4976a,1443,0.11307599736101703
f5583b8,1444,0.11304334899613999
6e3d43f,1445,0.1129896258647477
450d22c,1446,0.11294592162211758
dee14c0,1447,0.112825961588784
006e834,1448,0.11281258155380447
50ffe74,1449,0.11265104806732407
6cb6e91,1450,0.11263304828453269
c3b43a9,1451,0.11258544197159781
e6a02c7,1452,0.1125477042178189
2ce25c4,1453,0.11236493915442136
43af48f,1454,0.11236249800156228
2e8ab03,1455,0.11234753666035391
dbae4b0,1456,0.11234561564884848
382b573,1457,0.11234205935573383
87273d5,1458,0.11220498088192377
a027cc9,1459,0.11207788947840358
83f759c,1460,0.11192830722756342
5095132,1461,0.11190880761347466
fa71f3b,1462,0.11188574297407683
4d630d0,1463,0.1118639838215536
ddab919,1464,0.11161109195209717
3e72e3a,1465,0.11150996991843842
e9918ed,1466,0.11149193971294624
14fa727,1467,0.11142748410230052
019a81b,1468,0.11142093014225285
c4f7de9,1469,0.11137607831876906
b0ecc8b,1472,0.11127093185897419
d447cd6,1472,0.11127093185897419
700a792,1472,0.11127093185897419
cb9bf3e,1473,0.11127028313945742
6ff09c8,1474,0.11126246259299055
6005304,1475,0.1112367967378457
1ea4c42,1476,0.11116288993806922
6196c42,1477,0.11116031146494287
76b0ee2,1478,0.11110982238330347
b4269cf,1479,0.11108835361897951
44a3c8c,1480,0.11104767179768393
b8a417c,1481,0.11104083751442284
6a59bcc,1482,0.11103885914095912
f97a66f,1483,0.11103730546931345
41014f0,1484,0.11100919497077721
1719ace,1485,0.11099462754004763
f9b16a4,1486,0.11098462931949993
dddb898,1487,0.11097301582083308
ef0f083,1488,0.11096077479502464
36debae,1490,0.11095741575872575
f0d23ce,1490,0.11095741575872575
9c35be9,1491,0.11093498324020545
d12e303,1492,0.11090987157297694
6c326d1,1493,0.11090581570732971
1feabd3,1494,0.11089352008404219
314c516,1495,0.11088149872859521
2122690,1496,0.1108759052042646
be3dacd,1497,0.11087211213415127
e65ba0b,1498,0.1108130931246678
a07b560,1499,0.11079635103120977
504d72f,1501,0.11078962513944002
9f09783,1501,0.11078962513944002
581c4cf,1502,0.11078310916578227
4569cca,1503,0.11076886655496221
def648a,1504,0.11074864492850645
e6dafb0,1505,0.11074770138032342
bc7e7de,1508,0.11073387851194594
229bbd7,1508,0.11073387851194594
ab2336b,1508,0.11073387851194594
dd88f79,1509,0.11068425505669954
2ab781b,1510,0.11066199377901975
ac33537,1511,0.11062834256051901
bef2551,1512,0.11060974748366004
d21aea4,1513,0.11058336647693978
3081ee1,1514,0.11057486501301739
7c8dd3c,1515,0.1105601346534294
03e341c,1516,0.11051181298005897
1c93d7e,1517,0.11046345119535206
f2e822a,1518,0.11045547440617987
c7b14ac,1519,0.1104174790191308
a38d995,1520,0.1104172286677626
cb6378b,1521,0.11040979677515217
f458441,1522,0.11039995785737922
b52aa9c,1523,0.11039433075205762
4c0aa8a,1524,0.11037950208061786
9711fe6,1525,0.1103429179861326
fb1855a,1526,0.1103305228018363
d137e7b,1527,0.1103299213267962
5bcf05e,1528,0.11029114870886225
ad9b8fd,1529,0.11025865507127941
79ba48e,1530,0.1102040910003883
df1cdce,1531,0.11010370581400131
fbe7e76,1532,0.10999835075130027
3c4b2c5,1533,0.10997270822512406
fe68d98,1534,0.10996985934220638
d7746ea,1535,0.10996943034858975
10f16f9,1536,0.10990029531577172
e90541e,1537,0.10987637940008099
b16e747,1538,0.10984902343039782
e1e1dd9,1540,0.10983893824654234
dd2c7bb,1540,0.10983893824654234
e9daa97,1541,0.10965852174110502
308cc19,1543,0.10959007328168768
d549b71,1543,0.10959007328168768
e63fc29,1544,0.1095716989460217
1492aca,1545,0.1095484278351665
2a60f57,1547,0.10954321091985009
2a3b5aa,1547,0.10954321091985009
c662c41,1548,0.10949816880052443
bdec4dc,1549,0.1094923450092592
ee08942,1550,0.10945549531731869
3b32660,1551,0.10937839885132594
a16f9d9,1552,0.10937601643485317
8b31f0f,1553,0.10935547575399529
02e2574,1554,0.10934342358388482
0c55ce0,1555,0.10933041279341371
bd4ce14,1556,0.10932387340996252
778baa2,1557,0.10932280480149537
eb67a08,1558,0.1092777967590044
da00b52,1559,0.10927330818789638
336af06,1560,0.10924029825799797
86b3d0d,1561,0.10920991174296346
6f90034,1562,0.10920579610117309
b98fe4c,1563,0.10918999056893708
23c13a1,1564,0.1091818646599162
415434f,1565,0.10917222490213774
977c576,1566,0.10914518599433753
467e76d,1567,0.10912430365051917
80807a6,1568,0.10909917103707378
0a44156,1569,0.10905970650083008
210debb,1570,0.10904278557632041
e71a807,1571,0.10901087931424935
fe3cd99,1573,0.10893098298793713
be2412e,1573,0.10893098298793713
8e37a54,1574,0.1089161412031815
0c0c3e8,1575,0.1089075494086098
5e4fca4,1576,0.1088607415734395
85121fd,1577,0.10885166485650255
89244b6,1578,0.10882315787397145
bfeade8,1579,0.10877153599415024
39f6ac3,1580,0.10876559378752326
d43612a,1581,0.10876068804372474
be419b4,1582,0.10871371959076104
89adf90,1583,0.10871142416309387
9753686,1584,0.10867137218678535
db089f4,1585,0.10865649221218854
57b5185,1586,0.10863975501315182
941d0aa,1587,0.10861013074303894
f34c3eb,1588,0.1085788968054241
ff3bab1,1589,0.10853990061282937
ca51548,1590,0.10853882029677941
4986461,1591,0.10850483702532587
c98a111,1592,0.108504212638172
cccc67e,1593,0.10849501940886186
7d9da93,1594,0.1084945989079783
e7ef612,1595,0.10849017685359474
7a47b8d,1596,0.10848616375346043
878ad22,1597,0.10848425998124467
2f20f8d,1598,0.10848168275093639
6013c8d,1599,0.10841616354725436
7917dec,1600,0.10840100223794025
f2a5cf2,1601,0.10838695598460857
dc190c3,1602,0.10838424240680233
68ede2e,1603,0.10838199208819543
3380ed1,1604,0.10837958611514198
3cccd18,1605,0.10837180883147113
3fcf1be,1606,0.10836521151598455
e39b43e,1607,0.10831812385896
784a507,1608,0.10830873277638386
39a3013,1609,0.10826913328726295
61da52d,1610,0.10824814956931483
43e358e,1611,0.1082297495708231
238197e,1612,0.10820480956424361
b578302,1613,0.10817582480060883
d58dcdc,1614,0.10812140315033014
f773b18,1615,0.10810852789215197
335ef8c,1616,0.10806276329101672
994d38a,1617,0.10805565430116226
57dc658,1618,0.10804108338211027
dc3d8e6,1619,0.10800626815904413
45f09fb,1620,0.10800613409584803
c557eb2,1621,0.10793614555145081
f680d9d,1622,0.10792633794089934
97fe18d,1623,0.10791238389369695
5eb62fd,1624,0.1079075319332703
9e2a047,1625,0.10788495764888617
c23b7ab,1626,0.10783533526798617
e8ac7d6,1627,0.10775685348374697
a772b98,1628,0.10771110173163345
d6555de,1629,0.10768703355206033
23f0414,1630,0.10764679936122956
d3b7d9a,1631,0.10763942523589853
db12369,1632,0.10760387834667817
6493c47,1633,0.10760226760225888
b609686,1634,0.10753046846723846
d23e587,1635,0.10752623287139296
e7110ea,1636,0.10750833159260853
ca3ee06,1637,0.10749690906622134
089df61,1638,0.10741913778345136
8b428b8,1639,0.10741399877178992
f062a6c,1640,0.10733317901779549
901b8a9,1641,0.10729619240568466
e1136b7,1642,0.10728706376527342
892774f,1643,0.10727330057614615
c28099c,1644,0.10719862719675766
0a08e1e,1645,0.10717959050198678
60a1acd,1646,0.10712690915449075
a4fa57c,1647,0.10707475430062652
44492ac,1648,0.10700871451087457
e9377fd,1649,0.106958123923239
9aa7ea0,1650,0.10688195225958108
2eef8d1,1651,0.10686627097972268
feb56d2,1652,0.10685541087487571
b4f2e8d,1653,0.10685460146859704
be06367,1654,0.10683851446253623
1afbc98,1655,0.10680483647807493
d3a28b2,1656,0.1068023026735132
339b99a,1657,0.10674720520361203
486d969,1658,0.10673111283426129
652fb76,1659,0.10672595488388026
1eb4b8a,1660,0.10668515581370264
ef26f22,1661,0.10665804345495389
6e7748d,1662,0.10665006983344583
d620d8b,1663,0.10660642430232425
058c0dc,1664,0.1066051577813516
98f8ce5,1665,0.10660133823214224
4029aa3,1666,0.10657942982678958
189717f,1667,0.10656477807950937
aae95c3,1668,0.10656041330864308
12c2666,1669,0.10654734309433722
ab1b950,1670,0.10653480770560741
2b5f2d1,1671,0.10649113950326916
8e3d975,1672,0.1064425758991352
02a9807,1673,0.1064400793952901
3590bdc,1674,0.10642925569204276
bb22a04,1675,0.10639707484467742
a651766,1676,0.10634170403954812
bcb4a56,1677,0.10633532707228177
f931912,1678,0.10633330586233758
42a5d2f,1679,0.10633072271377697
b18ba60,1680,0.10632611160485927
473f7f5,1681,0.10629761515239722
5f3aad8,1682,0.10626624706388099
4d24942,1683,0.10622799036527475
ae6753d,1684,0.1062180534848941
42cf680,1685,0.10621796883778956
da7d710,1686,0.10620033426925968
ccd6231,1687,0.10616361482328496
bcbf7e6,1688,0.10615643513955864
56b8cf4,1689,0.10614497877744766
816bbc0,1690,0.10613340800926274
1f6e814,1691,0.10612270001116786
e792f2b,1692,0.10611167481631667
5b02b4d,1693,0.10608298647076742
f75a00e,1694,0.1060676785348309
d67071f,1695,0.10605986648604215
3667e4b,1696,0.1060486360996975
8b24fe6,1697,0.10602661267693703
dd0259d,1698,0.10601594724055086
b3251a0,1699,0.10599813740808095
2806ec1,1700,0.10599789077629074
f34385f,1701,0.10598724782953983
4c12654,1702,0.10598230115454832
573a044,1703,0.105972560740625
1e9714f,1705,0.10595348653798164
0589f84,1705,0.10595348653798164
dbc0193,1706,0.10592781277419905
2f4dd12,1707,0.10589830587045324
f07d359,1708,0.10588893905462249
80e42b3,1709,0.1058747004189513
2253de7,1710,0.10583539604252912
5e7000e,1711,0.1058089921141332
e4a72fd,1712,0.10578586573979387
094cbe6,1713,0.10571129146417912
2a0d7fd,1714,0.10563659671866965
683cf5c,1715,0.10563103358072257
6b7fe27,1716,0.1055819685523306
5f53f4a,1717,0.10555153266372419
ff69ef1,1718,0.10553453581788441
f3343b5,1719,0.10547646789014387
fdd7622,1720,0.1054376590326851
0bf63d6,1721,0.10540387322167621
0f41c72,1722,0.10538940346507031
a4d6426,1723,0.10535716051546873
3c2e69a,1724,0.10534171823197347
1075771,1725,0.10532743114279863
5de2e84,1726,0.10530682916255119
e5082f9,1727,0.10520467826712698
49b1632,1728,0.1051882927826121
152880c,1729,0.10516977881746348
6caf529,1730,0.10506904972114262
b523021,1731,0.10503413248413507
8f04892,1732,0.10502694786513567
96c53d5,1733,0.10501318863674136
582967f,1734,0.10500186844570092
676c203,1735,0.10496532409934989
763ba3d,1736,0.10496203179524277
f0d2675,1737,0.1049590980612144
090bf70,1738,0.10495565922610073
4f2e0e6,1739,0.10493771340317093
a1bac12,1740,0.10490237145886727
363228b,1741,0.10489337746243499
11e69ba,1742,0.10488271765066992
251fd41,1743,0.10486190646590399
435f913,1744,0.10475303803109726
154551f,1745,0.1047226364963384
a408389,1746,0.10471894402504245
445ff58,1747,0.10467403489534655
d6c6ce6,1748,0.10466890941347684
0afe44b,1749,0.10465960515573003
85e3b01,1750,0.10465634746794428
57aca55,1751,0.10464292066532255
96018f5,1752,0.10463869287664573
fa959ca,1753,0.10463738232548148
809ae37,1755,0.10460777523202036
64d2a53,1755,0.10460777523202036
e356d83,1756,0.10457666853858882
b0a10f4,1757,0.10457324596712425
b9d07bb,1758,0.104554910549715
1e6073d,1759,0.10452940838998837
29a0e8f,1760,0.10447085376261067
f184aeb,1761,0.10444108540491703
79bd4b6,1762,0.10444017223235724
bcd864f,1763,0.10443437387670551
0b6173d,1764,0.10439190602095871
a251f02,1765,0.10427258126605932
e691e5c,1766,0.1042523686569764
220df44,1767,0.10423260100681075
2b2b059,1768,0.10420249739403675
5994649,1769,0.10419336536394341
e0f88d3,1770,0.10415606701770708
d67bfff,1771,0.10412916979707187
0346c5f,1772,0.10412384092723592
160b650,1773,0.10410031927851349
53dd60d,1774,0.10397950992990701
17238b2,1775,0.10394256138642821
e00efde,1776,0.10393865774009192
03d9eb5,1777,0.1038916576432869
723882f,1778,0.10388576438815778
ceb27fe,1779,0.10388078860708072
17879ef,1780,0.10387760247587186
a8a6652,1782,0.1038330551841048
c67496a,1782,0.1038330551841048
cd4f3f7,1783,0.10380837939318732
2ea3d91,1784,0.10380677690794604
ad23e42,1785,0.10378174203376278
170b3d1,1786,0.10372805976592891
fe62312,1787,0.10349648118491339
4f354fa,1788,0.10348396867046894
c9d4463,1789,0.10334290665509704
4413f0f,1790,0.10329824993791448
718a708,1791,0.10327593449102856
c562d68,1792,0.10307537324014837
9f19334,1793,0.1030695977207795
0b396d4,1794,0.10304774230886504
939f6a3,1795,0.10302069969267791
9bd1c62,1796,0.10292087021175655
9fafb86,1797,0.1027927204548531
ca8706d,1798,0.10275546988367934
86af182,1799,0.10274045261938869
20c62a2,1800,0.10271030861541852
2ece00a,1801,0.1025249173960795
0abf421,1802,0.10246805102276157
2f29b1e,1803,0.10244956443812436
60fdff5,1804,0.10233534159307167
1155db1,1805,0.10233077025530157
1fc0f5a,1806,0.10231654640997623
7c31838,1807,0.10231598773746153
abc35fa,1808,0.10230629710155914
7e1818d,1809,0.10230597544054221
0b1fb81,1810,0.10229060701283332
ea8e7af,1811,0.10223205258781609
83ca7aa,1812,0.10222800310036673
927b9f7,1813,0.10215479347874057
6d2f73f,1814,0.10207942327972708
4c9d06c,1815,0.10198279190441184
4924022,1816,0.1019584031281826
4713f7f,1817,0.10191817710116813
1af415f,1818,0.10183562390803269
99d6a90,1819,0.10179166801741224
9095d34,1820,0.10175807432513817
377df60,1821,0.1017298805698672
f81ca44,1822,0.1017098081550496
337e3fd,1823,0.10161632376479801
924b6d7,1824,0.10155156727777359
2064d2a,1825,0.10149626276847346
858b083,1826,0.10148042012379255
315778e,1827,0.10146958104893122
49cb44b,1828,0.10146437352081805
7b54b47,1829,0.1014626161309703
1050df3,1830,0.10145945027351067
477ae4b,1831,0.10140190916175984
3f892d9,1832,0.10138543684438572
99f349f,1833,0.10135942563692446
716fdac,1834,0.10127986587626836
38876a5,1835,0.10125558320483674
8ddd890,1836,0.10116173330551947
b5cf53f,1837,0.10114299615788025
3340f28,1838,0.10113686033895686
1909dbe,1839,0.1011311139272918
5d16b13,1840,0.10105888647386418
3b47ee1,1841,0.10103600760692477
22ba8f9,1842,0.10093578356568622
a5fa4dc,1843,0.1009335978896696
4b29763,1844,0.10092613046219989
48938cd,1845,0.10089502080070101
562545d,1846,0.10084895393117788
c3e129e,1847,0.10073383635592159
8e3d2c7,1848,0.10070287229680108
0ecdb7a,1849,0.10063897788074028
d6d2b67,1850,0.10063770434790598
cb0f361,1851,0.10063745005659708
68ea6db,1852,0.1005839480953109
058be18,1853,0.10056418329815897
a0943be,1854,0.10052425280203203
1113cd6,1855,0.10042843401341961
66b1718,1856,0.10039864178343061
2b16916,1857,0.1003650416496743
79eeced,1858,0.10030488262596549
590ce80,1859,0.10022650487096019
b05f8dc,1860,0.10021304058941594
14800b4,1861,0.10013002527896386
9c8090b,1862,0.10010482751406535
030ab8b,1863,0.10007102115742594
5f22b72,1864,0.09995936949958395
ca5ce6e,1865,0.09994626428517817
6a61c7b,1866,0.09992410550516162
cde5397,1867,0.09991365005165631
1cc6539,1868,0.09990126553586876
41f2127,1869,0.09975331458068859
4f2c6c5,1870,0.09971704385876778
1ec0634,1871,0.09969149451458792
0f12bac,1872,0.09967152407472912
a859606,1873,0.09963514642967342
21613d0,1874,0.09962922715696854
e67c3a6,1875,0.09959728498572762
7570ad4,1876,0.09955232526593183
af83fa8,1877,0.09953717256309236
4a0d76d,1878,0.09944594972662923
5340227,1879,0.09944291623127177
2ba37fc,1880,0.09942706328223949
68dae65,1881,0.09940765999575985
65b5040,1882,0.09937656021421803
875346c,1883,0.0993659632151569
7790b9f,1884,0.0993618544981989
a646a2f,1885,0.09934583147563725
bb31671,1886,0.09928520267546725
903b8a8,1887,0.09927848093101976
ebac594,1888,0.0992530940858769
db4a395,1889,0.09913275186821091
240450f,1890,0.0991203293062699
8507828,1891,0.09911157008371163
3771c80,1892,0.09907466254996311
9bb7dd6,1893,0.09907375014120623
e9ee0ab,1894,0.09902846625475792
7e3330a,1895,0.09898583462033861
51b3625,1896,0.09896348799617205
83eb506,1897,0.09893661448046398
da13ce9,1898,0.09892311023820954
284dc10,1899,0.09889138683187737
3112f69,1900,0.09887054708736653
dde5699,1901,0.09884634728865227
2f8f04d,1902,0.09876988204382631
32f05fb,1903,0.0987223506262952
12f3fa8,1904,0.09871102728375547
9ab5af6,1905,0.09867704330028315
8be6ecd,1906,0.09866522094656527
2751628,1907,0.09866109420866565
a098fc3,1908,0.09863899513442165
9e1defe,1909,0.09863474106612535
e91dec7,1910,0.0986266393130738
23e6c25,1911,0.09856574525743078
ee76cb3,1912,0.09851829398909795
ef9cb31,1913,0.09849963128493355
818df74,1914,0.09849334440153945
ff3dc2b,1915,0.09847346633681853
770db53,1916,0.09847317646403109
c64e312,1917,0.09844798656832543
8cbbb20,1918,0.09842074915484422
f86918a,1919,0.09840425801525976
94f8363,1920,0.09840131220673798
b2544b4,1921,0.09839354550001211
9c55428,1922,0.09838499858153715
26eda01,1923,0.09834165596725031
f6679d5,1924,0.09833477397852508
45d406f,1925,0.0983295780199781
8d5c3ad,1926,0.09830413447447706
255364a,1927,0.09827770669544333
95aba3b,1928,0.09818125026325264
2711b5c,1929,0.09811478057037204
81258e8,1930,0.09811393992181194
0fd871c,1931,0.09808079656582702
3b9ba21,1932,0.09806645796628799
1a8c537,1933,0.0979830259375597
a5d4b8e,1934,0.09793962644054222
98a3331,1935,0.09788118473160079
8541f30,1936,0.0978756820086788
49ecb69,1937,0.09784370660263564
bbef280,1938,0.09777209854443347
eae3161,1939,0.09772339470234226
3dfcbc5,1940,0.09769237719325885
0dd8d61,1941,0.09756401504797896
74c69f2,1942,0.0974863135252626
6c21093,1943,0.09744326024000616
57efba9,1944,0.09737891870626003
fb9de09,1945,0.09736150924100706
bce8eb6,1946,0.09723659475287061
272ead5,1947,0.09721271194047043
9740d32,1948,0.09706847333030699
f0ee87a,1949,0.09701257112903783
f32c25c,1950,0.096914821380373
996bdd8,1951,0.09685667472432502
69b9c63,1952,0.09684088627728538
5235175,1953,0.0968377352867118
4fb38cb,1954,0.09681106240546411
97e5598,1955,0.09677069877747513
1bf873e,1956,0.09671264938394197
65a7b0d,1957,0.09668004871274116
8cb39ac,1958,0.09665667096469954
d043238,1959,0.09663750797384618
c2e02c9,1960,0.09661226569823889
40f276d,1961,0.09657647419428173
865f9cb,1962,0.09655517399474223
cd32147,1963,0.09654546831436117
59dcb04,1964,0.09654189614044562
6d3185a,1965,0.09651975886107222
01e654f,1966,0.09645671568264458
79f07ad,1967,0.09643682882524118
408e9c9,1968,0.09639949898444933
3cd9130,1969,0.09637810807598113
f050339,1970,0.09636717568916131
f8e28a2,1971,0.09629190247166408
8a06d5d,1972,0.09622882589861537
a929170,1973,0.0962251751493095
876d133,1974,0.09612295972105223
934db34,1975,0.09611627657756727
54bbe2f,1976,0.09611423162156452
9f75456,1977,0.09607613988983033
2b001c2,1978,0.09606179177651974
ea2e132,1979,0.09591379290399471
e7d972f,1980,0.09588794968345637
a14ed1d,1981,0.09583648879545192
2ad5ef6,1982,0.0956908328793259
8ffa1a5,1983,0.09567009507714141
494f8bc,1984,0.09558227917969075
dade0f9,1985,0.09556497223335747
1b3bf84,1986,0.09550838574401099
7b0ff79,1987,0.09549431789584684
d45792d,1988,0.09538757654360597
4073bdf,1989,0.09530213448501146
2154423,1990,0.09528854865260206
94b0675,1991,0.09528289245274557
9b45c75,1992,0.09524085232680268
05de8c3,1993,0.09523794210767333
e9877e5,1994,0.09511459322950622
6fc2a75,1995,0.09501246129100926
03ff69d,1996,0.0949301465939284
788a621,1997,0.09481778233490412
682226f,1998,0.09481467571818958
5d891d7,1999,0.0947883866910273
bbedc7d,2000,0.09470995410489458
be64204,2001,0.09466233663448076
1560839,2002,0.09464739228718932
788953e,2003,0.09456673732033061
35b03a0,2004,0.09453728928710059
18b61a1,2005,0.09446622416672568
9f769ff,2006,0.09442508706846542
03bb3ee,2007,0.09437877611937207
55fd222,2008,0.09436311399233877
2cf2742,2009,0.0943412897402156
654e874,2010,0.09433914686336842
a4f98f5,2011,0.0942746716298869
703a075,2012,0.09422586725455895
a570695,2013,0.09411023683318687
4100726,2014,0.09408473699196929
49ce057,2015,0.09403122236276584
eea1a9d,2016,0.0939436975024992
f5f9607,2017,0.09387788529159968
233cbc5,2018,0.09367451638727409
757b8d5,2019,0.09364051324230482
a7ee33b,2020,0.09360020113955925
be2409f,2021,0.0934811055693816
379ad27,2022,0.09339110137295648
7b5f8f5,2023,0.09330860001115848
b2fd034,2024,0.09330313168533866
6eec202,2025,0.09329994912668504
7d4a882,2026,0.09326271078385084
8a9722d,2027,0.09313286161199485
2cdf068,2028,0.09310764095616963
b998c2f,2029,0.09309326639332416
a1b027b,2030,0.09306502899623392
c9eadc6,2031,0.0930002976763955
6c3e60b,2032,0.09293636938308081
12251db,2033,0.09289445883702174
0b97146,2034,0.09288495723843859
0b27a8a,2035,0.0928524435573913
77a17f9,2036,0.09281149802833655
5a53227,2037,0.09279026008077573
bbe6164,2038,0.09276284851439187
2280928,2039,0.09274901997572926
07b7dce,2040,0.09274602900938766
19ceb44,2041,0.09267605315607796
727bc2b,2042,0.09245983069675301
04ba9f0,2043,0.09243726821350828
483a73d,2044,0.09239158482032228
726eab5,2045,0.09222687902557747
c627d32,2046,0.09218835688648641
fdb92c5,2047,0.09215768449357509
725eff7,2048,0.09210511062762505
2534ef3,2049,0.09208945555963521
ce852f9,2050,0.0918957050000011
a3022f3,2051,0.091875885132217
dfe7231,2052,0.09180292607473717
1f8c443,2053,0.09177842215834642
9732372,2054,0.0917171896677429
70d8784,2055,0.09167519735664609
43892e3,2056,0.0915997520366365
4be930c,2057,0.09150329566010162
a16f538,2058,0.09149039919005786
dd7ae13,2059,0.09146431740383087
2a1acbb,2060,0.09118743482697567
6b6c8c7,2061,0.0911007082020171
b5f980e,2062,0.09100571292092952
8979969,2063,0.09096903979972737
f76a976,2064,0.09091797363693777
c6c75c6,2065,0.09086907909565234
1c2c0d9,2066,0.09085493655051635
d07f552,2067,0.09084377015128642
cbdcc24,2068,0.09080126247128195
a2f8a1e,2069,0.09063908911836682
25df981,2070,0.09063712880629082
bcf7af8,2071,0.09054044070948697
cbdb53d,2072,0.09049635682427137
3cf4273,2073,0.09032531975422486
012b2e9,2074,0.09030774840471223
7153fa9,2075,0.09025403222909723
b548988,2076,0.09014870608936398
7f94e85,2077,0.08997082931301559
7d8e72a,2078,0.08979648995293354
60ac766,2079,0.08956051090271855
9fb5d27,2080,0.08941018943885237
b0a49da,2081,0.08939218505994306
c01ea62,2082,0.08919642453877574
8de8a3b,2083,0.08897491028636739
58add4a,2084,0.0888009842187566
218b803,2085,0.08877277439786402
390ff20,2086,0.08873698990457801
9ca7fb7,2087,0.08869375671490531
f3d9ac6,2088,0.08867721247228721
41598b0,2089,0.08858910022477728
5cd0729,2090,0.0885328164444329
2bbad8e,2091,0.08852182162725764
e13ab6e,2092,0.0885073059732685
207b1dc,2093,0.08831847458601261
d7695b8,2094,0.08816127986044708
754043c,2095,0.08792885065059741
97448ad,2096,0.08767712516957316
f563263,2097,0.08765685118651889
22f4065,2098,0.08754905581004135
2dd0a2b,2099,0.08717157078289839
37fbe76,2100,0.08707667420870968
d2a5bc0,2101,0.08702886450986236
e44f040,2102,0.08700009523594165
d6741b7,2103,0.08699826579461656
6ee5a6d,2104,0.08688276187537747
ca2b746,2105,0.086802791175833
578b804,2106,0.08670828029542765
975caf4,2107,0.08667806083814866
4f18d81,2108,0.08664008079159413
a43d49a,2109,0.08662386204483219
4ac4786,2110,0.08660429220818444
a04a035,2111,0.08657575039310506
da153bf,2112,0.08652709009995951
559bd2d,2113,0.08588488117898696
aae6a3a,2114,0.0858355520573435
00741fb,2115,0.08563634951220211
10f49bc,2116,0.08544651840606199
99d3872,2117,0.08536910080909088
674d4c5,2118,0.08522435196961509
512526d,2119,0.08519830496519432
6ae7eb0,2120,0.0851952146103585
8b75ddb,2121,0.08512337726459207
2d12081,2122,0.08503742574728501
bb949c7,2123,0.08495579288067412
9212e94,2124,0.08495067312993332
3009748,2125,0.08492517274356837
7512d76,2126,0.08479598647048514
b1d89de,2127,0.08479067068757895
45b6925,2128,0.08475629772301363
f780d5d,2129,0.08455392165005382
87ccced,2130,0.08439277002917478
0699994,2131,0.08423213116832129
20786a6,2132,0.08416808855435975
2798f0f,2133,0.08409925874616209
8dcc542,2134,0.08409360816363853
927739c,2135,0.08393845347646389
a12bab7,2136,0.0838677861716135
e37e28a,2137,0.0838370457174864
a93b56b,2138,0.08369086380647461
2d734bb,2139,0.08360121981857438
0b5d49d,2140,0.08344111803436371
1161903,2141,0.08337920200892712
f1ee792,2142,0.08335786342580609
eb86463,2143,0.08321205652087404
6f06aa0,2144,0.0831460863237119
09e576a,2145,0.08311531435347941
f29d228,2146,0.08304075381677967
d080f90,2147,0.08271081153801074
8742126,2148,0.08240667098710519
7aa3414,2149,0.08235627235889487
53483bc,2150,0.08227730389371368
b6261a1,2151,0.08221304982330435
370a783,2152,0.08214482374425247
7431e77,2154,0.08211172453736393
0c41649,2154,0.08211172453736393
3e237d5,2155,0.08207119401036511
39e2ad8,2156,0.08201188912761381
13b96de,2157,0.08197686748197086
dc269ae,2158,0.08190240009833305
d13d1dc,2159,0.08172119359045626
ca7c2f1,2160,0.08171673893056264
04afca0,2161,0.08162744276560174
e30f623,2162,0.0815249211614697
1d10d02,2163,0.0815148138584173
2a100e2,2164,0.08151479915206306
8df2577,2165,0.08145390479277848
24a6a26,2166,0.0812901003424834
f54e5bb,2167,0.0811647049041746
e59742b,2168,0.08112628479527162
f5dc594,2169,0.08105271937618375
fbd4691,2170,0.08103785706982813
1cd7974,2171,0.08083025152825407
6120284,2172,0.08077940434812958
317793e,2173,0.08039188013585319
88f8675,2174,0.08026629071871094
5edec31,2175,0.08009926184748972
b28b68f,2176,0.07973137045365841
ec427d1,2177,0.07962526915557444
d06298e,2178,0.07960877672407629
6552726,2179,0.07949968301974764
2e96379,2180,0.07932163652853808
8cb418e,2181,0.07928019687716381
d740b51,2182,0.07919458079540997
c2663d6,2183,0.07918296233851585
149f30e,2184,0.07904584819911742
2ae4998,2185,0.07869628224173852
50f4707,2186,0.07868927701268003
466fdf5,2187,0.07865580030717356
e1da0ae,2188,0.07858751253205265
40c365e,2189,0.0784984116828108
3893152,2190,0.0784675206813068
cc79652,2191,0.07841089344611907
7b96dbc,2192,0.07840733361968244
7f7d13a,2193,0.07831731869335945
513f76a,2194,0.0781749175242239
f967fc2,2195,0.07810149752405515
3842ecf,2196,0.07789690631074975
8ce4c00,2197,0.0778594570364235
8b62ed4,2198,0.07769663194253518
adc837a,2199,0.07767448679751154
799abe1,2200,0.07755086612680706
dd7c8df,2201,0.07741220860327236
8ae9b5c,2202,0.07731757071062395
1e8f480,2203,0.07729850874957145
b25bec3,2204,0.07728023121671079
30f5dda,2205,0.07715510944067461
94f930c,2206,0.0769452125583745
19212b5,2207,0.0768775303546877
fa1bf17,2208,0.07669473825909667
28d3fbd,2209,0.0766590012684416
0374533,2210,0.07663988518415432
58a688f,2211,0.07653035125504049
583dffc,2212,0.07618049229909984
c95811b,2213,0.07612068706106967
f11ad9c,2214,0.07605459621548705
26db0f4,2215,0.07603782425564054
5ac170d,2216,0.07577838855347874
afcb345,2217,0.07571047724019431
ed2d9a6,2218,0.07564271388868726
8e4876f,2219,0.07560951570454832
f36be8e,2220,0.07556281963241462
e78c3d1,2221,0.0753713747063538
6db984f,2222,0.07508587265534572
7a57ceb,2223,0.07493499349878163
e5be33e,2224,0.07486999915125825
26ca02d,2225,0.07485171225802978
2b57d65,2226,0.07483946833437127
30a40fa,2227,0.07438850750531834
0646ef7,2228,0.07432208953899899
a084394,2229,0.07417455598810907
dcf5f32,2230,0.07397697012375182
c5b978c,2231,0.07393637581564438
c18e597,2232,0.07381949036602298
117ad82,2233,0.07380764638444426
6c1283d,2234,0.07343474023046903
b7ce18a,2235,0.07334878976603365
5da5926,2236,0.07333711704180723
53be0bb,2237,0.07321881104798356
42928c1,2238,0.0731990121283086
e9b8d5c,2239,0.07315400568994446
372619e,2240,0.07314060839961378
ba97018,2241,0.0730608626197492
b4a6a0e,2242,0.07301865370424843
60f9913,2243,0.07300401247742927
5c9c2a2,2244,0.07299266927405246
1ae1904,2245,0.07279267408312318
b80bab2,2246,0.07261914188499652
61a2561,2247,0.07253588745310757
3325ab5,2248,0.07253321193273676
6c905a3,2249,0.07246142033134573
71edbfc,2250,0.0724049731423384
46287ca,2251,0.07237903971009385
8e43e2c,2252,0.07233227543089504
a65f933,2253,0.07230645416225945
ee88057,2254,0.07225240663683541
1e25d30,2255,0.0722485605076093
ca850ee,2256,0.0721656672373302
29b732c,2257,0.0721098790019018
728aa3c,2258,0.07204456205020837
0982dbe,2259,0.0720046173552813
e4acfb1,2260,0.07199083239596449
de9ff4e,2261,0.0718768459537904
f27f087,2262,0.07166059604574748
2551b5a,2263,0.07153185711577215
dd45e40,2264,0.07152181334831909
1e8de82,2265,0.07127852165537862
eb74d69,2266,0.07124261729624082
4107cb5,2267,0.0708791266509955
08997a7,2268,0.07087597673253321
9398d80,2269,0.07082766441458399
e6191b6,2270,0.07074587310683134
8146294,2271,0.07072919345920292
c3603b9,2272,0.0704876233954499
3ef8840,2273,0.07029427486053608
b4bbe34,2274,0.07023490428304124
f6464ec,2275,0.06994535088713383
e0da300,2276,0.06966515229955261
90279e8,2277,0.06937789155767071
671d5c1,2278,0.06920616408813207
00511f3,2279,0.06894530376403973
9dd3ddc,2280,0.06890090492002332
544f808,2281,0.06877865272541883
7974b57,2282,0.06823477214436002
38b48a8,2283,0.06761294201201207
6831e6c,2284,0.06749422605757638
fa13ca0,2285,0.06728423053015331
d6e8487,2286,0.06725892384818599
5764c4f,2287,0.06722454211987694
f182c91,2288,0.06691903673818733
0e547fb,2289,0.06678099508780266
4af2f6b,2290,0.06673928529489315
1d6df43,2291,0.06664553538865936
1307e58,2292,0.06644682749108222
3597812,2293,0.06630335370058316
207eb42,2294,0.06623289119632203
516187e,2295,0.06622819609088493
3181126,2296,0.06613620178726398
6ab4ebf,2297,0.06607473585877977
b163cc1,2298,0.06589013207019845
ca79137,2299,0.06579566351470223
d4e2da4,2300,0.06565237242378741
7ae55ea,2301,0.0656476253210092
8686325,2302,0.06562659167735407
4fa80e8,2303,0.06534139942921269
e14da1e,2304,0.06509903405880468
351fa23,2305,0.06506006605827819
87933eb,2306,0.06490198578052231
23381b8,2307,0.06489050582819889
e7d2991,2308,0.06484161800739474
ea2d3e8,2309,0.06471377494655695
85edad8,2310,0.06462639386159408
2ba7fa4,2311,0.06448976885206792
beaddf9,2312,0.06430761181245592
ac12f10,2313,0.06422771504420766
290af7e,2314,0.06421033977147084
b8a46f6,2315,0.06351690370071927
5faae53,2316,0.0629939395289556
3227063,2317,0.06247048258545762
5a915a8,2318,0.06242312738946976
0b59d70,2319,0.06228679612846166
076a21a,2320,0.06224011877167923
704342d,2321,0.06221217517311739
131260a,2322,0.06184804675210054
d621bd1,2323,0.06164437600460271
c168b68,2324,0.06153236023165598
136132c,2325,0.06150450038854882
dda2b4b,2326,0.06137679792223427
4201963,2327,0.061331846315218264
a28f068,2328,0.06129856171380299
111fee5,2329,0.06127676462806919
6050551,2330,0.06118937815135206
7d9003b,2331,0.06113171079416968
5c8a18d,2332,0.06106906154532776
1a4f6e3,2333,0.061049382570758315
be4cd67,2334,0.06093688540319231
a311dce,2335,0.06060838505345223
1670ee0,2336,0.06041457228882696
7dcff7b,2337,0.06031533733184413
04c3ab9,2338,0.05986446454081085
bbc4ba3,2339,0.059688955246601005
aa6149b,2340,0.05936718637451788
8db62e2,2341,0.0592643372641416
165783a,2342,0.05913874578494871
01cb4ed,2343,0.05912187138375913
38fc230,2344,0.05900266465075188
415479d,2345,0.05898092911593167
95d9854,2346,0.05894489779746237
87633a1,2347,0.05894418416889324
4b9e8f7,2348,0.058595646567104365
92b80cd,2349,0.05846155107003714
3dfc590,2350,0.05844061350625318
8ac52f7,2351,0.05803828774624509
aa25e82,2352,0.05792013909472038
0f52032,2353,0.05739897035198904
e288204,2354,0.05727398197584288
c415a5c,2355,0.057230423627786076
c18fe5f,2356,0.05718696553246738
cf19ba4,2357,0.05692488313593336
6901061,2358,0.05667718716523473
2082ade,2359,0.056626886318388636
fa2d87f,2360,0.05662119490550721
84b7856,2361,0.05652374874726074
a258bf5,2362,0.05632673261911625
12643c4,2363,0.056168654650218475
b5e1c85,2364,0.05592623969265431
361239c,2365,0.055831876695752625
2bb96a8,2366,0.05565565151194185
1171b87,2367,0.055633692793607636
2fcdbb0,2368,0.05546578211499942
3a8e68b,2369,0.0554424606220798
780e02b,2370,0.05536568450777368
01bc6a7,2371,0.05517412017271617
384a216,2372,0.05507923239424162
d653891,2373,0.05498008140045341
455f95b,2374,0.05472228027010373
d3101af,2375,0.054520353523068166
4b7a359,2376,0.05412119590009534
b1872b6,2377,0.05367507828677209
172367d,2378,0.05365364181768173
323475f,2379,0.053630816537005965
430f487,2380,0.05344035863868779
a2fb21f,2381,0.05333616507298555
b53f5d7,2382,0.05329508053543497
dceb5e0,2383,0.05317467894369232
e958565,2384,0.053094889500643005
6656e6d,2385,0.053068078787504414
c9d6f78,2386,0.05293059221837981
8ea4ff3,2387,0.05291253986769362
dc071cb,2388,0.05271324331950156
145419f,2389,0.052421739433282766
d3d83ad,2390,0.05206378284291979
a521a82,2391,0.05197706135494495
82aff33,2392,0.05175514487083532
7b37de8,2393,0.05171785039049048
d845d71,2394,0.05170638208058831
031cf3a,2395,0.0516811291955207
4703e5a,2396,0.05138490643622651
e3aebab,2397,0.05055808218317537
7873348,2398,0.05044131889481518
fdcad35,2399,0.050234968443887196
715a5dc,2400,0.050172210257246275
1ffdfcd,2401,0.04973282466999829
2731fdc,2402,0.04945846965795253
4ce4db7,2403,0.04911473466756722
0eac35b,2404,0.048903193856507654
912d9be,2405,0.048879524591634804
e5f16ff,2406,0.04837100974512798
ed01566,2407,0.04832470315432391
bee3b2b,2408,0.047916813644214185
7f328e3,2409,0.047783142733470285
8544714,2410,0.047717696060066705
274ead2,2411,0.04771238688981694
f335e5a,2412,0.04704625086615877
b2e4c7c,2413,0.04700658342464492
23ed9b9,2414,0.046928922210978774
9000d66,2415,0.046905709499175274
308a08c,2416,0.046625761188593406
fa66d39,2417,0.04620606537805694
4ff18cd,2418,0.046096447356712256
8d35623,2419,0.046091501912034705
bf5ff18,2420,0.04601798756315434
452b1ea,2421,0.04595852369883002
a6ab98b,2422,0.04564723500684431
0a0085f,2423,0.0455758142306254
da4756a,2424,0.045432100998994196
1b3341c,2425,0.045358863513536685
8e78dec,2426,0.04524833925996996
3f3ad38,2427,0.04440623463203064
4cce86a,2428,0.044205446024748185
dfd9f06,2429,0.04408877564504976
d66c2e6,2430,0.04386131391111647
365eb32,2431,0.04354953061348199
ff06a97,2432,0.04319503416924875
656f9a8,2433,0.04249079757407903
ef53729,2434,0.042368289385534164
a92f46e,2435,0.04199281399886945
49a9b44,2436,0.0417384028122203
23d8435,2437,0.04155234122745122
613791e,2438,0.041309648762126505
95360af,2439,0.041013174945729314
edf2190,2440,0.040919468365536726
e8c9aea,2441,0.04079459119423523
f5c5faf,2442,0.04006909932861524
f1e04f4,2443,0.03958683879269509
b1ade04,2444,0.03930439571906741
7ad2143,2445,0.03917523267912848
72003ba,2446,0.03875826703652607
4206c1e,2447,0.03841711476271059
1ac1834,2448,0.03726597239812557
aaaa530,2449,0.03533443888686072
f21635e,2450,0.03529430954226542
178ce1c,2451,0.0351457702503124
e2774b9,2452,0.034441728615271616
8e34009,2453,0.034398747172419086
8404231,2454,0.03427826851415905
5f4e953,2455,0.0334991740587558
a68a3b0,2456,0.03343969104154998
9b6224b,2457,0.03339418456628762
1668564,2458,0.033361767176917745
c184896,2459,0.03231767224510185
15dc089,2460,0.03187168404611951
8ece39a,2461,0.03015320787074227
90439e5,2462,0.02946307731010478
1eb0c0d,2463,0.028733192410450803
d31c643,2464,0.028134027651661175
aa200f7,2465,0.028040922793433287
a8d7b36,2466,0.027926517342076296
82d2bae,2467,0.027028440595523007
d96ef14,2468,0.02657387678512002
0263d1f,2469,0.026473534167673396
dc9c694,2470,0.02578131484704993
cb606cf,2471,0.025595413840622805
2283b09,2472,0.024824523923723252
e511f75,2473,0.023522612146761657
446457d,2474,0.021402759690977935
f8b5acc,2475,0.02102541585729878
e91fd85,2476,0.018884912156207356
e740778,2477,0.01847105762914736
73d5ab1,2478,0.017423465790186166
9157d85,2479,0.016954599815412252
6ef7862,2480,0.016487661663960207
47cc547,2481,0.01556389662992208
66648b5,2482,0.015102653770466379
fcf669a,2483,0.015062246209357588
ddb7a68,2484,0.014971288853148135
8cbd638,2485,0.014393650100134492
f60221b,2486,0.012534522761109335
