847b296,1,0.1156964962841266
77b7c78,2,0.1094586205540613
3faef1d,3,0.1001041705907123
6bf3a64,4,0.09583804780181959
c9e8972,5,0.08869645503217005
465282f,6,0.08726953979926788
b4801b2,7,0.08687033247311271
de13c33,8,0.0867479493886103
e414f15,9,0.08053242806615701
8a76da2,10,0.07764346383789977
4ccc7f3,11,0.0718645349353767
e829daf,12,0.07104015479231107
58c3e4c,13,0.06834148381992078
c1db3fb,14,0.06446679828046697
aebca72,15,0.06358483193677811
6b49cfd,16,0.06206825261047888
9afca86,17,0.06141434245414379
279196b,18,0.06063867360940178
83f6917,19,0.060442034223402774
8bf67e6,20,0.059899270424779605
1bd8d2f,21,0.05966569239319175
cf5fd88,22,0.05837497041296025
e822903,23,0.05701458253284297
b306cef,24,0.0562466045429153
b8fb1c4,25,0.056028254604495786
3bee5d7,26,0.055837630720635634
fc07980,27,0.05547124052388219
915752b,28,0.055427982921742225
9614c7c,29,0.055321836696721194
48a3215,30,0.05354037565187397
c2d3c87,31,0.05313988898087185
7cc4ff4,32,0.05275475394053464
5ac633a,33,0.052093780918542665
bcb1a5d,34,0.05196759314995003
a69d552,35,0.05195842308101217
aa7c8f9,36,0.05183711167888838
5524adb,37,0.05098966153661766
e33e925,38,0.05098023008145425
febdacb,39,0.050924402654081824
9d9957f,40,0.05086730062814904
bd9c7b6,41,0.049963586068560994
c698f56,42,0.0499612779881935
0bc5bc5,43,0.049806685368117165
5512087,44,0.04961742806818892
342d124,45,0.04932504788689973
09ed556,46,0.04924919431571584
a2d8936,47,0.049224062158008786
01d1238,48,0.049170558251880325
cb7f2a3,49,0.04913832858607914
70f817a,50,0.04891709303349767
043a352,51,0.048844608121403676
b742849,52,0.048730162558351164
d7a094a,53,0.048650411318651776
a36a61a,54,0.0486091259452226
3698fee,55,0.04846577661430462
de30660,56,0.04813975378341018
3cc8b3a,57,0.047963015005819565
0895c28,58,0.04786303356715971
14ddcfd,59,0.04785207204501818
c438dfd,60,0.047581728623219965
6641663,61,0.047431959468843043
75aa5f6,62,0.04720852004703957
c0face2,63,0.04698243317711104
b1e133d,64,0.04694638669944062
6dbca87,65,0.0467858393397913
63df133,66,0.04563188382316241
f1be9f1,67,0.0456278030889431
cd25d5c,68,0.04543686031934213
db7e51f,69,0.04531376342509552
de491e7,70,0.04473464952447759
5da32cb,71,0.04455004303843857
5709ec1,72,0.04447341546831629
0f67233,73,0.04437851147085381
11bd742,74,0.044042666657260754
6a2b233,75,0.043982032907884716
7607c67,76,0.043715104199900545
76abdf1,77,0.043545019432485566
c764a46,78,0.04347069571599116
5fa514b,79,0.04345341024378402
bca9abb,80,0.04307843500664965
8268221,81,0.04262654366621765
c2e1d41,82,0.04249674748498222
82d0521,83,0.04247382141131251
d132d6d,84,0.04235748378943993
f412f0c,85,0.04216071252204512
23a6701,86,0.04210288919110272
a83c486,87,0.0419951934764331
03ce555,88,0.041665307169482024
5f8b6f5,89,0.04155643133103293
4014ddc,90,0.04124171524889242
30a88df,91,0.041195151951705644
39f629a,92,0.04104962842815285
2851a41,93,0.04094440310110581
a9757e8,94,0.040898425240736724
bd59bbc,95,0.04089517975009782
5c695ce,96,0.040682088159387564
eb5eae4,97,0.040670346023347737
ea9bd8c,98,0.04054708697791387
ef0c0c6,99,0.040226174673731685
4434b45,100,0.04012310391466356
4c2ce45,101,0.040025701395747904
ec324a9,102,0.039940695868400766
69d9533,103,0.03973607860399209
6bbac11,104,0.03965970775059868
7e9b833,105,0.03957894388700811
59a30b4,106,0.03955269754065205
840ddca,107,0.03915624330319545
8dc6730,108,0.03913603630341367
0235adc,109,0.03911699311641903
8caec1a,110,0.0390628224116214
9c1eea2,111,0.03903966164070771
74a817b,112,0.038698195501279176
925a8f7,113,0.03862057589495649
e9f7e61,114,0.03842069446006802
400a87f,115,0.038242000079062755
d6227f7,116,0.037946280143749456
3d39287,117,0.037882217537504315
3c1c9ea,118,0.03784895904104957
2dbbe07,119,0.0378075388903647
d4fd1cb,120,0.03764474048794786
35d56dd,121,0.03746097652654212
c42af07,122,0.03724706883574935
52ecbc6,123,0.03723351470859404
6a36f04,124,0.036961427152932824
1c75a54,125,0.03687846481100776
34fd5f8,126,0.03672003278502234
b8c52bf,127,0.03652571348991451
9320fec,128,0.03643043746786401
27d9224,129,0.03624119350323596
9a1ddf5,130,0.03609571967457792
6d374c3,131,0.03606250994659932
2bc4e29,132,0.03590152849565342
79c373c,133,0.03583602530589336
616f796,134,0.03582548822094933
984bce0,135,0.035691469584241076
4c66555,136,0.035685431457371464
c621cfa,137,0.03559555581381524
c5d7b30,138,0.035559321267909616
d3be4ee,139,0.035391642382934685
41acde3,140,0.035258351274430555
a2f9d4f,141,0.0351772737244217
dff730a,142,0.03503507279850904
0a40e66,143,0.03502851140988872
b3f276d,144,0.03481406904970241
4e3493a,145,0.034633970991366
f78e933,146,0.03460188462184577
0f655dc,147,0.03458723476373193
8a630cc,148,0.034489868460352846
1c92a54,149,0.034455891851464804
e3bcc1c,150,0.034368419457886046
d1f2538,151,0.03412170337428411
675bb61,152,0.03410537547467685
b836418,153,0.034039095892999915
16a9c4d,154,0.03392670365638473
80fe41f,155,0.0338843359324279
535699c,156,0.03377991403149738
c8d1896,157,0.03369917451965354
8f01ae1,158,0.03354624469930001
d577973,159,0.0334343470755446
d381212,160,0.03342818059551722
9f0375c,161,0.03341859385470369
5885b9b,162,0.03332276220171815
845f5ff,163,0.033174059737877015
887038f,164,0.03306778835524549
a2dd166,165,0.033062801276097065
4031a54,166,0.033054053534424144
2c7ed40,167,0.03295521682709879
a857aec,168,0.03292568261294904
5ef7a8a,169,0.03291101311364886
e8c234a,170,0.03282331531629967
8d91f37,171,0.032642019992835225
22784dc,172,0.03263817107661837
39dde4c,173,0.03254674063937579
37bc6d4,174,0.032461040977982525
a4c526d,175,0.03240332624255249
ec8f3c1,176,0.03238570650606554
82d3c01,177,0.03235329507165152
69ee87f,178,0.03224489505720185
1f5edbc,179,0.032222555260409846
1c5d620,180,0.0321521198807142
091577d,181,0.032060799983354094
66485d3,182,0.031820785216402525
75f82cd,183,0.03181615019355666
2427228,184,0.031683573166240486
fcdaa44,185,0.03152155932625411
de195d1,186,0.031512858548709444
f1a08e4,187,0.03150014596272488
831de24,188,0.031465196954798214
5f09c4d,189,0.031348880082374686
c26da90,190,0.031331163760666914
5200a1c,191,0.031241144101891716
b9ccef8,192,0.03122347114527857
9147da9,193,0.031135941649577892
792e37c,194,0.03097562993786418
5ce68c9,195,0.03093338408680213
6a6ea48,196,0.03088665544886149
5a3b4cb,197,0.030806928060615246
6a6e135,198,0.030784133797791213
d6f92e5,199,0.030684980860117728
f147cca,200,0.030537598473920013
7e93d52,201,0.030515547174468027
8c5eb24,202,0.03043330455644877
552148a,203,0.03027580705250532
d6f8f60,204,0.030091713801002395
3924ff1,205,0.030044511606537205
3c5a6f6,206,0.02999634764827397
41ecd65,207,0.029962248313805895
52547e6,208,0.02970081167243044
4ade66e,209,0.02966628498903945
4fe9831,210,0.029621493881200056
28982c3,211,0.029377741526074752
168bc14,212,0.029248351860990063
71992ff,213,0.02912228236177694
4385971,214,0.029104380726081125
0b7eccf,215,0.028985435356418066
6700b61,216,0.02895633130198616
efd3c17,217,0.028913672121992806
3119300,218,0.028854452198189717
97bbbff,219,0.028793963054291383
e4d80a3,220,0.028732776800056037
4a77f08,221,0.028572744829754693
37de878,222,0.02846838836165444
30373de,223,0.028462835217497373
aa5add7,224,0.028387948380071193
f80152e,225,0.028378205082121744
1146205,226,0.028303580180847554
de684ba,227,0.028288868722419314
336a54f,228,0.028286762216470973
dda65ea,229,0.028211114520889535
c017fec,230,0.028147772619939282
18e9262,231,0.02810044822476021
643bd64,232,0.02809291509363243
1aaaaa9,233,0.02808199926378374
29312d9,234,0.028039142372144887
2ea78e7,235,0.028010716321627882
222eafd,236,0.027908468955774035
8686011,237,0.02777859458262255
9dfbc80,238,0.0277697410650658
4755483,239,0.027753781272870537
ae5ae60,240,0.027692073797857097
a2d9c86,241,0.027678228810161465
e065766,242,0.027621585369191348
7647d95,243,0.027556926692153816
06c4d2f,244,0.027457009612640193
b2202ac,245,0.027449952670077993
4581182,246,0.027377067309425462
524c758,247,0.027363572338952036
fe64e87,248,0.02730521770372296
9de5e9b,249,0.027260137819002828
1b8156d,250,0.027250872151224126
a478193,251,0.027157425456545203
cf96848,252,0.027126134340290875
46bf070,253,0.027021562746817995
22dd6b5,254,0.02690576767851549
5125d75,255,0.02683799599229253
32c0f8b,256,0.02665967836872485
4d98fc9,257,0.026644376950364146
1bfafcc,258,0.0266355675807588
2c90b14,259,0.026581165759597125
b29d4a8,260,0.02654030273290764
04f3807,261,0.02649222160354936
e152ec0,262,0.026450537509325578
7287c0a,263,0.026378379766127003
5bde370,264,0.0263446222667999
8f4b174,265,0.026185318027364568
fed2e01,266,0.026184231059537155
b7b201a,267,0.026024631804692056
41a46f7,268,0.026011153642162332
fa45534,269,0.025992451236980796
a1c49b1,270,0.025953193378575157
75a9013,271,0.025912102357300126
c9855be,272,0.025896418908389784
9d1fbeb,273,0.025605212114655163
f01925c,274,0.025588943610634574
c669a68,275,0.02556436542761953
ff9dc85,276,0.025465484872526756
0af94b2,277,0.025402398512922253
c590fe5,278,0.025251797038208568
06484fe,279,0.025207646203190492
6b394aa,280,0.025178759163315245
1edd85b,281,0.025145464796418104
dc58965,282,0.02510172171402003
df632b1,283,0.0250741101715638
68f2755,284,0.025039577784283562
534a679,285,0.025012636798547483
3706221,286,0.024971330785220736
e7ad242,287,0.0247306348634172
8ef31dd,288,0.02469406910163907
b30eb41,289,0.024666734320589856
192a606,290,0.02465757622867315
eb3e25d,291,0.024635852711747397
606015f,292,0.02452114681674622
be01040,293,0.024477915768814307
3e66c9c,294,0.024387926357447243
57ed289,295,0.024365577937862093
e58030c,296,0.02435840156580804
ebb59a9,297,0.024176211400864123
8159a9f,298,0.024136248722075426
ec4a34c,299,0.023923222762256557
6b825fb,300,0.023912049926302803
5bebea6,301,0.023893333383656956
7efb21a,302,0.02384954453761967
7eaa0d8,303,0.023740149306390346
9d72612,304,0.023646793567471347
00b1517,305,0.023341058269717774
68c9dd7,306,0.023283296689514676
2665037,307,0.02319501519575473
9b04e62,308,0.023152697690782986
c61dcca,309,0.023103621482895687
262e522,310,0.0230944959904682
49b4ef3,311,0.023081352660985655
afc8fd6,312,0.022905918757936017
1868857,313,0.02289927063937347
1038156,314,0.022850315632199747
94192f9,315,0.022841564733959152
f203be4,316,0.022836144877667497
c628a5a,317,0.022689655975471346
fc30718,318,0.022574220986853022
8b9b9a4,319,0.022553181784259357
22775ad,320,0.022436155160532434
41c1bcc,321,0.022427419713931696
6f2539a,322,0.022370896068427237
64857ce,323,0.02226397357008769
dffa868,324,0.022150388054757997
d790729,325,0.022126405723390752
9b0cdf5,326,0.022089607260231015
9dcaf03,327,0.0217073439704889
3f8896c,328,0.02146412326311864
f636f23,329,0.021342432058135907
3a66fb6,330,0.021330527375204467
3d80e1e,331,0.021209045112185687
027f494,332,0.021198060425041465
4c3e79c,333,0.021154422676826434
4839e1e,334,0.021066198319257268
04ba01f,335,0.020993902355413985
8703ffc,336,0.020956408089415568
95ac6a7,337,0.020888793086159874
c13f618,338,0.020860485425189923
eb4505e,339,0.02082526376071836
44293eb,340,0.020811083620885462
ffd701d,341,0.02080991913325947
ef2dd6e,342,0.020797464432898982
bf4fc62,343,0.020724601591204372
1004aa6,344,0.020671030160659853
5af11d3,345,0.02062769500393924
3587cc3,346,0.02062030171457596
024c61d,347,0.020614273629367297
084b868,348,0.020593589597957873
b8086ea,349,0.02052450458132582
b347ce3,350,0.02049985534439358
309b4b8,351,0.020363483422366824
e185090,352,0.02030958761760937
58d95f7,353,0.020231259780024935
e8eafe7,354,0.020216687492483065
2f5cb16,355,0.02013416190184214
620fc21,356,0.020128914077507387
7fbff50,357,0.02002669762380649
4e976ac,358,0.019946988297573687
f067d0e,359,0.01991732324935025
45780d8,360,0.019780268243944188
6d8fd42,361,0.019752182206665525
c343b71,362,0.019689577821251247
46da17d,363,0.01961345359398381
8b7e4f6,364,0.0195751043196849
d7e85b0,365,0.01953525907999487
0a58c69,366,0.019502274546542075
0f70487,367,0.01948825699161416
a6a4c71,368,0.0194856994203062
325ef2a,369,0.019476897229499524
1d806d5,370,0.019472248812072213
78eb672,371,0.019460217161773485
2f28243,372,0.01944453126530954
bd00267,373,0.01944363854760567
11e5981,374,0.019426075980650825
5b3bc3f,375,0.0193796855628402
4229da4,376,0.01937147529129768
974e91b,377,0.019357147811635667
7bfdbd9,378,0.01931006909821431
1a7fbd1,379,0.019262176713098822
65714d6,380,0.019239858279850086
550f934,381,0.019232409537295436
cc628d6,382,0.019172986920144575
5cd9c1e,383,0.019160707470571303
b489cf1,384,0.019158917403845233
19d4a07,385,0.019126842976978864
a90f4b4,386,0.019124941682010732
2304ecf,387,0.019096747499895428
78948d9,388,0.019090956743021192
2e68acb,389,0.019079503083378357
d24a652,390,0.019043825652613533
81a2c70,391,0.018972230246425248
2ba05c5,392,0.018911480044141893
12e777c,393,0.01888021997543443
c1c31ef,394,0.018815981172891072
0a39688,395,0.018768232921720918
68e0061,396,0.018749619318344735
b71581d,397,0.01873296406781977
36bde82,398,0.01870327367983038
7675b68,399,0.01869083623501422
c64b935,400,0.018605142192856583
f9d8ba4,401,0.01854469275339743
b783533,402,0.018512224381299958
70a5626,403,0.018397543323039445
effb8b8,404,0.018349489232267646
f3d83b7,405,0.018326448633972814
5124211,406,0.018319569250171752
c2c1501,407,0.01823978248362812
a79f4be,408,0.01821923309175366
3c2047d,409,0.01820396346638331
86a7d25,410,0.018177776234964638
0b3f6f9,411,0.018166413363764233
5fd1037,412,0.018112832863990347
269cfb2,413,0.018105627508622102
32f4884,414,0.018104877587866497
ad20fd0,415,0.018102724933801162
1d13eac,416,0.018082175855154148
7e3e1a6,417,0.018071032227512607
030f59d,418,0.01804024361607648
71a9ef6,419,0.017969867131136907
9d82016,420,0.017926446313505928
f9e7db7,421,0.017911938982872466
f4a33b6,422,0.0178927755526066
1c2f958,423,0.01780480020196984
45f2bdf,424,0.0177961484176814
7ab44a5,425,0.017791426063826887
b0f4615,426,0.0177477955751687
9d5a6e3,427,0.017733216446943256
1836235,428,0.017723441090001457
6a113bd,429,0.017601542422590488
c00a33b,430,0.017590662199328477
e7ce7f7,431,0.01756125786905338
b8ffdb7,432,0.017553411405722752
a5eb0d1,433,0.0175502841608417
d91c132,434,0.017432165572760283
e609670,435,0.01740997347977402
41abf3b,436,0.01736242525231213
817b76b,437,0.017271871320786225
a4550d0,438,0.017241613577752446
07f6f61,439,0.0172115919400313
8936be7,440,0.017191258192121084
c72f52d,441,0.017179059215339465
e2da3b8,442,0.017140250899978282
d39f3fa,443,0.017096468735416814
ff08ec6,444,0.017013993617253198
bf8fc45,445,0.016981939624409748
cc5786f,446,0.016851979887211987
cfd45b0,447,0.016776307555920855
5b2dd4b,448,0.016754036411678164
fb87920,449,0.016680348809709367
4fe0dd2,450,0.01666958468951696
7e0ecb4,451,0.016664267438579072
e42c68a,452,0.016623523568822574
f86b892,453,0.01659708287659256
f8595f1,454,0.01659022491521278
072fa2d,455,0.016485094325836447
f660799,456,0.016418607873883273
22a391c,457,0.016360590647478968
04a9097,458,0.01633951210192397
764dabd,459,0.016318450342894697
f957970,460,0.01613796735876394
9c496e7,461,0.016123109495109755
2acd6c1,462,0.0161200775777276
a70a7c5,463,0.016107138117799513
29f4990,464,0.0160585301393672
b29c8c0,465,0.015869737538406037
d4ae974,466,0.015749762666041778
f93cdf9,467,0.01572621263569285
ff67789,468,0.015714867594880166
895c07d,469,0.015638098674969902
03d0d81,470,0.015595485854638769
a6ca7c1,471,0.01548333238264521
ef33293,472,0.015376769310457283
8f773e3,473,0.015321970025568898
5254fe6,474,0.015150117755636794
1e03ad0,475,0.015126449145251852
8777edb,476,0.014776096878211908
c25df7e,477,0.014749924056902786
67316ef,478,0.014646013783488843
a2153e7,479,0.014335918253055357
51e81d0,480,0.014296643563645017
1e05702,481,0.014100064710554028
07dd370,482,0.014076859158979493
45fd54a,483,0.01404656724225617
70baa09,484,0.013797926222391177
01f3b98,485,0.013748844562720852
dd5a73f,486,0.012932418277605384
24b7eb9,487,0.012712423820183338
0d98b3c,488,0.011784298561559825
77efc4f,489,0.01175058511216276
3c4504a,490,0.011650737693384094
cc4ec1a,491,0.01063724842255398
6c7c286,492,0.004268834840485236
a2715a5,493,0.0040623363208250884
59aac0b,494,0.0029964511071731703
465b84d,495,0.002067400482507864
