66c4a1c,1,0.28219299418812804
3ea6267,2,0.27578131243163084
a1ef0ab,3,0.27179278949932106
fe915d2,4,0.2585693015717331
d013650,5,0.24945113451342915
5a59a1f,6,0.24928203523831238
4d3256d,7,0.24288366137966289
6d19e6d,8,0.23929088812628097
a6d5c6b,9,0.23753899726856287
fa25072,10,0.2359647787481467
e349fc5,11,0.23519213094752645
67e22f8,12,0.23510265340206793
6d8cacb,13,0.23382666409733077
fd92300,14,0.23220327705407362
0993b37,15,0.22607198506066728
c932276,16,0.22399901317877557
d6dab6b,17,0.2238621433370388
1e74633,18,0.22252600001604872
2fdb8ed,19,0.22123124953320883
4d6a1ec,20,0.22112292452787408
d88831b,21,0.22096162967367894
157fe66,22,0.2207101872457662
21d7767,23,0.2170999884609156
e72c41c,24,0.21585389152293244
3ba9ba7,25,0.21422760172305622
3f1e047,26,0.2127507301366427
22b3908,27,0.2125050545734255
45b549b,28,0.21231943729126512
3b798c8,29,0.21179154146919743
bf31353,30,0.21104251197539425
593e58a,31,0.2109022764164573
f574d59,32,0.20999683478712527
c578139,33,0.20975410738072442
b206d0a,34,0.20970698804529786
bd9fec9,35,0.20779454382317064
d6791cb,36,0.20748931341352783
d6fb78e,37,0.20725208723564104
f60cbea,38,0.20712370140860015
0531e3d,39,0.2057452104420604
936a167,40,0.20532656309912345
9d991bc,41,0.2049441511319754
6f093d3,42,0.20484482740835974
3cfb67b,43,0.20478068095133561
fd68de5,44,0.20437982736807392
7f90642,45,0.2042335515695073
257fbbc,46,0.2040095638344238
65727d7,47,0.20231938529112536
63fa416,48,0.20212149571385218
fad8c2a,49,0.20205639662911867
614858d,50,0.2014551999585884
98181a7,51,0.20091185317326166
94d10c7,52,0.20086307578690776
f52ae28,53,0.2008090185812471
dd707bb,54,0.20068709405160068
68f5265,55,0.20016520481126
df21ab4,56,0.20010947458494222
5aae9b2,57,0.1997619015049621
c51f521,58,0.19851015780269
c8dd135,59,0.1978891675774791
265f5cc,60,0.19765311428197374
a7416aa,61,0.1974628193622714
41bf694,62,0.19610911681652943
2348617,63,0.1955657511077975
6ed3c27,64,0.1955498703531946
d165fd2,65,0.19537651078485685
05df0f4,66,0.19516896705200715
f6a98ad,67,0.19464816357835246
8816492,68,0.19364276796473534
3755205,69,0.19322481712828465
d247976,70,0.1921870977393102
3c026b7,71,0.1915388577483842
d940512,72,0.1900911513365502
365e92c,73,0.18999801183960208
fc637c8,74,0.1896721405151066
9b9eeb2,75,0.1894408220094428
e2d472b,76,0.18817786756541377
8ffa0cd,77,0.18808613037486221
7b5032a,78,0.1876005776234213
5d8a77e,79,0.18740452826972653
7401b4e,80,0.18736528267717134
98ab687,81,0.18687408341016964
ce9af66,82,0.18653637669660117
4f77bfc,83,0.18504533802243328
b56257c,84,0.18445307624836182
ee579e2,85,0.18385997751381178
ad3e968,86,0.18380549910589927
46bc210,87,0.18377682572235088
14dcaf0,88,0.18336199729768754
72466a5,89,0.18272345732465467
3bbf3c5,90,0.18236159632992566
a592319,91,0.1823465936087466
d35adaa,92,0.18217537389048433
44e2b45,93,0.1810430230945601
da86724,94,0.18032196591218808
50ab1cc,95,0.1800606353273242
9c0781d,96,0.18005881675337998
6fbb9bc,97,0.17987688590315043
5ccd1de,98,0.1786681453583805
79ce64e,99,0.17813396425412364
3c68415,100,0.17806297251462033
4f36b17,101,0.17804148687135224
3f51e8e,102,0.17757017716446222
0ad244a,103,0.17671404956041115
4226539,104,0.17669118875705547
ae225a2,105,0.17663581524144822
7cff590,106,0.1763643970895976
62e4b9e,107,0.17541597353912042
e1198a8,108,0.17520777475514893
0d5c8e7,109,0.1750441840127609
3877455,110,0.17487380197860913
f3f3e3f,111,0.1748540462625573
84617fb,112,0.1744538191984203
e646a47,113,0.17410377329744975
ba861ce,114,0.17361077714351336
06867a4,115,0.17343335521946535
dba7c37,116,0.17274129774416602
acc5016,117,0.17256189141797829
516a6f5,118,0.17215866749719333
77dde7d,119,0.1712973234863736
8af6323,120,0.17058904929038055
b788af2,121,0.17038439455074095
d277357,122,0.17033483756268353
bee95ce,123,0.17028533078273167
f476c88,124,0.16994916322069908
6d0c7db,125,0.16984147034811736
9468433,126,0.16945996867976687
7a847c2,127,0.16911217616641872
748e137,128,0.16896070739046032
ed60692,129,0.16877594262461004
662b2ea,130,0.16842457108537534
9da9df6,131,0.1683946586398939
da90591,132,0.1683261612503606
a9f1ae9,133,0.16818286775280988
5d9df52,134,0.16800285456078634
7c5b32a,135,0.16723864291946222
afb454f,136,0.16710641708234186
e962cbd,137,0.16676855948177194
a7a93c8,138,0.16645280487352887
5c27db0,139,0.16643413336318735
90ed89d,140,0.16616132872287948
dad52b3,141,0.16612388593702998
23a2a95,142,0.16605527298307465
b7f8305,143,0.16603694069989172
3c10f16,144,0.16600079649199928
6822bf4,145,0.1650195381492202
55876b9,146,0.164941309714435
a498adb,147,0.16458699270686084
263d442,148,0.1641102236744878
06145d4,149,0.16372204746123487
aa114f0,150,0.16369499020720146
5bb0e47,151,0.16366680657625476
0326d02,152,0.16319270298259636
c291d58,153,0.16300290818816765
f713c75,154,0.16295867313535561
e17bbe6,155,0.16252107264434146
43e7029,156,0.16247850636155592
f6f98b7,157,0.16246015470271424
0d18055,158,0.16230510867826542
0d54bf0,159,0.1621300384794372
130676f,160,0.1615765852831299
e1b2033,161,0.16153482008546516
d1284b5,162,0.1614589970985285
be463c2,163,0.16139371657098545
6579a75,164,0.16139300736063944
d7ca0e3,165,0.16136445423949564
56ce9ba,166,0.16064715312200128
bcb0446,167,0.1605298429864761
5c7f319,168,0.16050859604839074
c3415a6,169,0.1604267888794122
13d3ea1,170,0.1599236206039748
f52ef7e,171,0.15900689502866916
0ed6d15,172,0.1586663572131286
f5cf1fa,173,0.15827730404851015
d4a4f8f,174,0.15819352541548615
6d8d6e6,175,0.1578200947202535
b99b715,176,0.15781709346977102
e2df26d,177,0.1573271954349833
cb28cb5,178,0.1572797979192615
88649c3,179,0.1571881666175421
4e5eb26,180,0.157160814799447
a942f13,181,0.1569739030942935
5cb435e,182,0.15693279270978477
58ebc40,183,0.1568869042005291
86a5025,184,0.15674406330306712
3fcb482,185,0.15662690886854647
6e7e7d6,186,0.15659834765404657
4ed0a63,187,0.15653058907576445
b501bed,188,0.15641215829891353
412b356,189,0.1560248858379356
310e0c4,190,0.1559879934017696
4b3ac22,191,0.15590583540672576
a8c122d,192,0.1556734588576537
4f0fa2e,193,0.15544539307850147
f35cde2,194,0.15541527126955246
d3c4efa,195,0.15537162424789286
362a57a,196,0.1551612444082846
61bbfc4,197,0.1550643421868444
5967d78,198,0.15486212890526885
43375f4,199,0.15477082205480108
d10d157,200,0.1545684679639988
11a59b1,201,0.15455981020824638
df5d164,202,0.15416734095088647
6bdd176,203,0.1539787888328582
5f9b9b6,204,0.15379730213808784
a3c62f0,205,0.1537678002681082
31c2ff5,206,0.15374988375501308
b1a6172,207,0.1537254146156818
ec648df,208,0.15368353132954926
6f9be0d,209,0.1534973570190592
721585d,210,0.1533840376015656
760c575,211,0.1532642400712898
653e4bb,212,0.15319400987033815
6025401,213,0.1530380639600203
d40f853,214,0.15271162334966426
9e112e0,215,0.15259968935268708
2fcc704,216,0.15254605618029404
028e01c,217,0.15243560069136575
c3cb80b,218,0.15236205462471253
c5a0687,219,0.1518134291439618
067983f,220,0.1517738651888535
941f593,221,0.15144654464683294
35808a6,222,0.1512556079228733
f2cd3fb,223,0.15115972635309438
5f54fda,224,0.1511148495448178
57eb4cb,225,0.15099480103771057
404ada8,226,0.15039929352195758
da82913,227,0.15026658870183762
2a8562b,228,0.1501616658497925
95b8201,229,0.1501402334831592
f1e237c,230,0.1500096467658325
8f0e2f1,231,0.14992095974238062
2883a11,232,0.14981768707048004
b5e3897,233,0.14979518435562067
7fe4b47,234,0.14972171306594628
001f56b,235,0.14923518279342296
de22e64,236,0.14894269515938352
b87ac3b,237,0.14887985923852576
e94730d,238,0.14882526845412858
369388f,239,0.14854770850490406
fef81cb,240,0.1485058279488567
beec594,241,0.14819684204135375
1b7590e,242,0.1480967279857548
96f76a3,243,0.1479684069586038
fba9e5e,244,0.14794762229541714
7b3fa27,245,0.14748571715882552
e9a0d0d,246,0.14727344531368702
35c22c1,247,0.14718713649598447
beccb19,248,0.1466265838997376
878682b,249,0.14650064499258453
14ca195,250,0.14648705707645426
6ac6c0b,251,0.14647452968173202
f89ae6a,252,0.14641020911998737
e0a8fe9,253,0.14636352058142876
860261c,254,0.14624997530759898
24481f1,255,0.14614397169888116
04c3867,256,0.14588485008827023
07ae1b8,257,0.14586969663771243
d7bc215,258,0.1457718389032855
bfe653a,259,0.1455620053327813
2a05a5d,260,0.14550571569418258
58eac4b,261,0.14544299202860322
69c3d75,262,0.14521090298021033
3f222b6,263,0.1450727091146763
82e15b2,264,0.14503472185328703
54e0e0e,265,0.14464428655322092
2a60e11,266,0.14431419379680277
fa566d6,267,0.14419784771303912
411a924,268,0.14404320330529918
9767bfc,269,0.14385390789234542
4f78ec4,270,0.14363671148806545
b58f412,271,0.14356754122128568
ae45195,272,0.14348010035266623
158c9d2,273,0.1433843182132699
c216422,274,0.1433433110142439
5218890,275,0.14308029848910042
8fe0060,276,0.1428387745348808
3571440,277,0.1427598182277522
6440433,278,0.14270972590331565
eb72327,279,0.142450498820197
e1927ec,280,0.14220658057317626
65a750a,281,0.14220573503489653
d98da1e,282,0.14206890662879357
869c49c,283,0.14205787667399117
3ec46ad,284,0.14205781107296422
f8d3b7a,285,0.1419979027240168
70a6a3d,286,0.14169658119366646
ea9789a,287,0.14161802723229788
14221a4,288,0.1416028203405333
3a413d7,289,0.1412571572343717
02bafa3,290,0.14120842358855334
12fce67,291,0.14100943728169835
7b7cb44,292,0.14084685955863185
bd4c249,293,0.1403120327308004
af371a8,294,0.1402403677818287
57c8aaf,295,0.14020191710469532
f75ec7b,296,0.1401082432137848
392e9b2,297,0.13973191093098136
c29a7af,298,0.13952936142989902
e111ec8,299,0.13952238433475905
179ecca,300,0.1394238680915445
218a7fe,301,0.13939152939738308
3ea371a,302,0.1393602048168554
9a68ba2,303,0.13921468386253721
b717203,304,0.13920779648675397
e122575,305,0.13917428541008092
9be879e,306,0.13887865192068882
3ba02f6,307,0.1388553052177952
d02bfa0,308,0.13882730470371174
5bc953f,309,0.13869216545183694
ab921d9,310,0.1384372185005711
dd29ec2,311,0.1376239255238535
7573233,312,0.137553137442201
67f1a30,313,0.13747422353330796
9282fb0,314,0.13741172547324942
e90984d,315,0.13687766886542474
94b4a6a,316,0.13681786813926522
af91631,317,0.13680571934251007
ef855fa,318,0.13679655897330845
f126698,319,0.13669387430082303
03adc5d,320,0.13650682904108835
7fe68f2,321,0.13586675770156176
8ef6067,322,0.13573291995834302
da10d7e,323,0.13523575162277657
029dcff,324,0.13518343508324726
8fb9bae,325,0.13516294107229598
3792190,326,0.1351441661124706
38a5d1c,327,0.1343496375216272
35495b7,328,0.13433049787228368
189ef8f,329,0.1342249415328267
7519034,330,0.13396527628068755
a92450e,331,0.13383044110344489
548b2fb,332,0.13382103463110928
59b30b9,333,0.1334780893826628
0f951f3,334,0.1333807548756184
4092deb,335,0.13315551464127062
76df835,336,0.1328472014102109
5d784a8,337,0.1327161393804812
d968062,338,0.13259922085085984
db0d0b1,339,0.13256349971347126
6291c8b,340,0.13256192369808384
878d057,341,0.13234072174529077
7502788,342,0.1322492958603082
0e07ac6,343,0.13220459718005684
785b98e,344,0.13178676048817284
87ac8e9,345,0.13127600781080306
d8d6d68,346,0.13098722736477775
64031d9,347,0.1308354447144494
0557487,348,0.13025586338195605
d7a4f53,349,0.13016612169412034
bf2500f,350,0.13011985160286144
1811643,351,0.12998872393830552
82cf7fe,352,0.12984070727937014
cc3262f,353,0.1298376558307731
85432d2,354,0.129690402136736
d0b8292,355,0.12950041496812714
31a2dfb,356,0.1294119207526928
3b04236,357,0.12919045016111985
4e511f5,358,0.12918624948445312
ad90fd5,359,0.12913816756589103
a5b0594,360,0.12889227290479444
800e925,361,0.12886781095505473
6101794,362,0.12885930318155547
96f586c,363,0.12808231783764423
5f8543c,364,0.12794559513079795
5f2aa47,365,0.12782792127300624
1567bba,366,0.12778843395982042
b835259,367,0.1275206613362152
67fa5aa,368,0.12751662896447014
58620f6,369,0.12751187419469223
7d2cfa1,370,0.1273249836224234
a0c65ac,371,0.12732120269049574
f9fb0d4,372,0.12723301474876192
83df500,373,0.1267409275432011
5d08a1c,374,0.12653085699724131
21a05d4,375,0.12637169895548583
94b1ea2,376,0.12626794894940985
7d3c892,377,0.12621837474790232
5d755a5,378,0.1261922344537847
5cdb206,379,0.12617419099198435
7db7873,380,0.12583889784088564
92e7588,381,0.12577525871516393
583cfd3,382,0.12573370644870874
3c2898a,383,0.12572926414397745
e610c97,384,0.12565521545856573
53438f4,385,0.1255823516487935
b9f6d45,386,0.12551563855434344
01510a7,387,0.12494865655041676
4479d88,388,0.12474036316228077
f560648,389,0.12431140073613856
b9e9ad7,390,0.12422785011475801
e1e7a3b,391,0.12419496173165623
c954b53,392,0.12396561906352388
906e96a,393,0.12388897384842645
82c5e4f,394,0.12381714374761921
1ec6eb2,395,0.12368813253729738
2742227,396,0.1236580297683898
a1a0473,397,0.12362909189684579
830e672,398,0.1235932836716711
bffc316,399,0.12346491122922987
7e08f74,400,0.12338818390872408
8f4fd92,401,0.12312265561282298
3ec1eb7,402,0.12302562824991303
8818988,403,0.12293505998701193
ada2370,404,0.12277082481732471
736bbfc,405,0.12273420853438577
8a5de9f,406,0.12266068457775547
9cca8c5,407,0.12238738090635659
93e4ec9,408,0.12225357442299689
d94f390,409,0.12215863406046179
fa7e966,410,0.12208283388404872
c7eeafa,411,0.12202134584888169
c52cb86,412,0.1220066653178733
ede1a3e,413,0.1219159658266008
7c69439,414,0.12172022601977295
bd39d51,415,0.12141682603693071
272609b,416,0.12136910475427942
37ea1f6,417,0.12132540543201764
a26563f,418,0.12120062292422784
3dbd6a9,419,0.12119099473679984
6a5b8bd,420,0.12103392416585834
5d24a39,421,0.1208857304864106
0ea95a7,422,0.12086300659285742
b55a47f,423,0.12075055680185176
790a3a2,424,0.12057902264268339
b5416a5,425,0.12014479214729212
ee0a30f,426,0.12005993579973129
0973b46,427,0.12002404726441662
6d56b7e,428,0.11982378449995335
bd965bb,429,0.1197342446096431
efd2748,430,0.11936078592129906
08edc65,431,0.1193563311193715
ac11660,432,0.11926630168463892
f248cec,433,0.1188265181467909
6ad3ae3,434,0.11881522975800363
dba8157,435,0.1185891590659297
561bd5f,436,0.11849721253722101
7bdb324,437,0.11844491366189402
5b168ff,438,0.118417933601913
7ab0e5a,439,0.11838719210438409
362ed17,440,0.11818761376060827
9f6fa52,441,0.11813974150760831
aecb611,442,0.11755903241217136
6c7032e,443,0.11707087400428384
2bb040b,444,0.11704032395561081
000f471,445,0.11677384955677861
ae732ef,446,0.11661854403090999
ce6991c,447,0.11651447558342953
908174b,448,0.11650951664339648
61f556b,449,0.11646515879948505
e861ef3,450,0.11620626920274735
2931c1d,451,0.11618818815343168
35aca9c,452,0.11552974024958762
e4c81f5,453,0.1155002234909509
9b01b9e,454,0.11538119307631844
cbcdecc,455,0.11535363077653238
89be5d7,456,0.11521240614192929
f0b7de0,457,0.11517823239769875
51ed402,458,0.11517051860440819
8f79f89,459,0.1150856323448951
129288e,460,0.11507270813916659
5b60263,461,0.11484483076292284
0d9fb25,462,0.11468486460561955
579d66a,463,0.11466319913097878
e9f90a1,464,0.11455419642094022
99af0da,465,0.11446750542518402
b609d7d,466,0.11441338453206218
233ac67,467,0.11430416238739483
940ea81,468,0.11390041504306092
73c752d,469,0.11381582217434438
9cb266b,470,0.1137674314279985
c2c22fd,471,0.1135607093848604
28ba3f2,472,0.1134705821905364
33589db,473,0.11343821200865967
c4788d9,474,0.1133962858293106
ac0715f,475,0.11337766834678265
bf19287,476,0.11310408826234408
05a0afd,477,0.11253090206603611
8acb365,478,0.11234360886157646
827aa5f,479,0.1122536187732941
c7a581e,480,0.1121094413442616
714c53e,481,0.11202517994584149
7804df4,482,0.11165939291227889
c448a40,483,0.1116372085812003
03ea770,484,0.11142978067694154
57e5172,485,0.11133379848919767
339cf9a,486,0.11130450820083004
5ba9aa4,487,0.11126256401766788
b83fb17,488,0.11125895120335039
d090b64,489,0.11090988710956273
7bf53f6,490,0.11088215186397554
b6f8660,491,0.1107756347319121
8aa06fb,492,0.11067727102912217
d5351ad,493,0.11063331635411966
bf8d08e,494,0.11055999948835704
1ec3c2f,495,0.11054024490954428
199a124,496,0.11011674807983196
f31d099,497,0.10977561575265238
3e73f54,498,0.10977095560320138
54edec0,499,0.10959504286034749
a01f36f,500,0.10939868978065903
ceafd88,501,0.10891705218779635
14863a5,502,0.10870602502930593
e16eb72,503,0.10863058697204742
91e4b34,504,0.10854885896568511
b116313,505,0.10852242963404157
d9b72f0,506,0.10841128339279726
5bb92d1,507,0.1079686082155571
35bff3d,508,0.10787265263147028
9d1583c,509,0.10772761233702477
78e61bf,510,0.10772018509890435
72b2265,511,0.10760123009121825
c2eb7b7,512,0.10744096238218348
86d15ea,513,0.1073989978816895
ab6b7a4,514,0.10739559277150013
cfe3388,515,0.10727735642625313
65a5478,516,0.1071516352687818
ccddaff,517,0.1071201561226437
79b2418,518,0.10703430250872914
d87a2f9,519,0.10700360371477224
6de5fe9,520,0.10699457719732652
bf9c099,521,0.10698247425429708
c9bb201,522,0.10690726245600612
c2964c0,523,0.10678973212976017
51b53c2,524,0.10676865970784788
19ae379,525,0.10668994941969923
6b0549a,526,0.10661787522161636
0433425,527,0.10641466456808668
225ca55,528,0.10640067564162115
3c4b31b,529,0.10631002837775849
d9e629e,530,0.10629517302073643
cee767a,531,0.10610730705592464
cd40f81,532,0.1058550823272082
7d66f03,533,0.10557675045983006
76e4cfd,534,0.10524417948648823
25aa041,535,0.10512060315109562
ae7e8d9,536,0.10508982979655168
331282f,537,0.10459427538017241
a23eb4c,538,0.10456601206540594
1253e8c,539,0.10438303765856116
eb0cac2,540,0.10424173848576168
d73d392,541,0.10355192607951813
e675e6d,542,0.10345808719464777
01ed04f,543,0.10333636913970579
a14ace7,544,0.10331751952966828
ab25e10,545,0.10320973104255726
cbf5309,546,0.10307805485215216
c19bfe0,547,0.10306622842952162
1c5dbbb,548,0.10300814287777027
61ba006,549,0.10298597158754907
799d722,550,0.10289637117405259
e3bb5c0,551,0.10260571754708625
a38b5e0,552,0.10255464617848498
8c5d690,553,0.10240476882439331
6cad802,554,0.10235689527628333
87acf8d,555,0.10207907069679056
70d6a2e,556,0.1020446888237706
990fcfc,557,0.10164576821012061
bbdf6d4,558,0.10161299366289034
d2ec203,559,0.10154985631834057
9566157,560,0.10121848307500758
9eca123,561,0.10101876142547161
61c6493,562,0.1008046801413246
dc281ce,563,0.1006486597042967
0d7b621,564,0.10029124506630294
aab3dfb,565,0.1002833596626197
c23a46b,566,0.10019882650843526
6fc068c,567,0.10008420463170942
6b1b998,568,0.10006581062711417
6613fa3,569,0.10005400518760088
2c59c65,570,0.1000537247421116
467cf82,571,0.09982148747100994
8d98570,572,0.09969552771501433
3a7f682,573,0.09944632735740044
2604723,574,0.09899308337338897
3f1abe6,575,0.0989780696711976
30b2fdd,576,0.09843982400397555
3a99ba6,577,0.09820344541862314
7d46a67,578,0.09814394872870413
a625a75,579,0.09797655967387175
0a9dcb9,580,0.09795335309062492
787ba41,581,0.09795181968445621
d8649e0,582,0.09782960063635426
b0b5834,583,0.09776070871378706
50c61e2,584,0.09774892076246666
95b2e78,585,0.0977405957537475
f67b62a,586,0.09757704103355891
284afb6,587,0.09736285230475983
08c3e75,588,0.09701797843634707
1710dc4,589,0.09701033615312693
c4925ca,590,0.09696133945089747
9ab9cb1,591,0.09694807288557794
0516796,592,0.09691703241319494
6f9b67a,593,0.09676993100745257
d0a3f0e,594,0.09637685744126923
6a1b24c,595,0.09613412770862828
75ce987,596,0.09608571459888293
9e6dd3f,597,0.09600063144572135
5e94133,598,0.09598169188356631
08a3a0b,599,0.09547878377300667
ddd50d2,600,0.09542606581248747
8c56f7b,601,0.09532684345558184
28108d2,602,0.09518176306464676
6c6142b,603,0.09513738442587727
ff3b982,604,0.09501113476087153
d6f06ab,605,0.09499806865469373
dd16add,606,0.09480950702971946
2267957,607,0.09480151792272884
a8913f5,608,0.09472352834906306
804115f,609,0.09462014505106686
c5910b6,610,0.09457756715840537
b0c5cdc,611,0.09451527671513793
e924d16,612,0.09443723514435465
5757bcc,613,0.09443141273005262
1a816f6,614,0.09392184457827013
119f68b,615,0.09370342382342134
7168f6d,616,0.09360247196147087
db354e6,617,0.09332001095376308
0c90a60,618,0.09326859748336391
80f4c35,619,0.09322973412934066
bf5e60b,620,0.09316940141233943
7d5d0a3,621,0.09309513476513409
7f03615,622,0.09264132992101581
1cf3950,623,0.09247454680242484
0f180f9,624,0.09238656712439663
0f274a6,625,0.09222464734410296
86c8fac,626,0.09213826693224192
3303776,627,0.09212174954061614
7673aa4,628,0.09202426740550829
28aeba9,629,0.09187031965516135
d76051f,630,0.0917605354487
926d11d,631,0.09171696992695066
534cb58,632,0.09162376590697419
998b3df,633,0.09140711914605681
a7210d0,634,0.09127026903952296
1d7f444,635,0.09111740782416955
b036d68,636,0.09109373285860878
22e073e,637,0.09102897368379192
fd6bc0d,638,0.09092201187512061
f639270,639,0.09091956206615337
bc49e14,640,0.09053102601967933
815bcef,641,0.09052376182175492
4db6cb0,642,0.09052180938628263
0a5a497,643,0.09049150545739892
b1caf28,644,0.09039034646683775
e0559c5,645,0.09030170284738381
61f37a3,646,0.08994344147962385
cf252ec,647,0.08988302956520822
95693de,648,0.0898062074259327
2d084aa,649,0.0894844456303524
59a25b3,650,0.08943536070718117
12c05dd,651,0.08942698651933023
5b58f75,652,0.08916044880627261
2490507,653,0.08915989364286969
ad1be75,654,0.08915599990366607
e7ae8f5,655,0.0891215333673886
95e4567,656,0.08880247554030796
eab5533,657,0.08876966851409673
a4e2066,658,0.08865123407143449
42bde04,659,0.08849608817718724
feaf07a,660,0.08846924045836979
3920f45,661,0.08821375076369997
43bceec,662,0.08820460456202572
a8e6010,663,0.0880816431309639
41bfd0a,664,0.08797166414803603
b7c1594,665,0.08789560699399379
2ddaa7e,666,0.08781455581254405
3dd31f2,667,0.08776410946552926
c42f268,668,0.08771489084330764
df4a82f,669,0.0874164529709548
c6391f3,670,0.08725323813460939
73c4679,671,0.08708154299849302
b86efe7,672,0.08707403784516365
57eb012,673,0.08695831909115626
08a925a,674,0.0869360544734622
a123aae,675,0.0867894264863518
7691172,676,0.08661785668488975
f6e5377,677,0.08653429811908397
ef7e947,678,0.08618661189585253
88d0750,679,0.08582400141428148
c41eff1,680,0.08580184732326834
0e8fb06,681,0.08575359707149466
29ae347,682,0.08572668873949318
6682ab2,683,0.08555579416256198
bda299c,684,0.08551049575683656
787255c,685,0.08549390231532883
07955d2,686,0.08547696906747237
2c5adef,687,0.08532857747753486
6c47541,688,0.08529022538636721
52d79b9,689,0.08508955071706148
1209751,690,0.08493518110459886
0f44370,691,0.08492990351095875
d9e778c,692,0.08490159822347776
e8d955f,693,0.08472566337993115
4e0f9ff,694,0.08462239383606107
88406cd,695,0.08457456190520451
7b17979,696,0.0845257473743164
4ac994b,697,0.08442943768611488
b8197b0,698,0.0843603500563429
70ba0aa,699,0.0842572424126673
40bad1e,700,0.0839385554315556
a716ae1,701,0.0838944315373592
81a8184,702,0.0837872957567194
e148b58,703,0.0837507917824265
28736a1,704,0.08374180972601952
b030ae5,705,0.08322394045572312
60d2c70,706,0.0830865403551565
c2ea180,707,0.08308291467139572
7ae214c,708,0.08301548810719639
915e7b9,709,0.0828314660160614
21c2608,710,0.08280373641361383
d68e39c,711,0.08250028560437406
32cdb3a,712,0.0823691474216306
1a7538a,713,0.08235898310323309
2394f55,714,0.08232786346067511
6f9ef4c,715,0.08229740009134745
15cfddf,716,0.08228565357909312
0cefc4c,717,0.08222328673340895
c8bfdbc,718,0.08217478855483573
1129d94,719,0.08197140217528875
5d157d6,720,0.0819676234214971
bf0a598,721,0.08173316220647386
fa5d6d5,722,0.08149106880616608
301d885,723,0.08138623860643968
35f93b0,724,0.08120137087120871
ea67740,725,0.08116147724801681
528c7f7,726,0.08114773143938969
b997856,727,0.08104448776534057
c384c38,728,0.08103177752686674
65e7ca2,729,0.08096865081422333
274097c,730,0.08084358619481535
2d9d9cd,731,0.08083080742435955
a09523a,732,0.08076913778057726
db0cac8,733,0.08072801093561077
ade078d,734,0.08069272690159801
f66634b,735,0.08067149186699174
3289d9a,736,0.08057386897101027
4062cef,737,0.08046145023270412
149da40,738,0.08023877726237261
1c721be,739,0.08009419676536778
655277b,740,0.0800735140618496
7f40c2c,741,0.0800060280162006
becd808,742,0.07996552339359686
0edd032,743,0.07969802835280526
72c5b59,744,0.07953324790803351
ee1c58b,745,0.07896524191683374
7483b2a,746,0.07894957979672246
f5dd6bf,747,0.07889021800901419
3a2eda4,748,0.0786472432562495
ad19bbd,749,0.0786028642591099
194de43,750,0.0785725151385539
6d176dd,751,0.07851445737325813
ae1daef,752,0.07850113176214968
4152873,753,0.07850072008522246
356cd0e,754,0.07844292115339502
2180a3f,755,0.0783937967120324
8e779f0,756,0.07816848311347746
193ca61,757,0.07814959993281312
46b817a,758,0.0779371996118432
e5d945f,759,0.07788500159267242
a36f3d3,760,0.07778372519903476
ad21e73,761,0.07776754858637014
1516bad,762,0.07768838555173663
35e25b7,763,0.07762239649014402
159f5f7,764,0.07758001069626319
6744d06,765,0.07738279487659261
08552fe,766,0.07731386828580922
dc19201,767,0.0773070411796053
19e969d,768,0.07715414540731691
8daa099,769,0.0770170478424187
8cff9bb,770,0.07685376992287096
c817e44,771,0.07683483817379222
69b17f7,772,0.07656167935046898
695bd1d,773,0.07655500381531022
93c99e2,774,0.0765207675869859
72028b7,775,0.07619635507989697
3104c83,776,0.07587015560524901
3746dd4,777,0.07583975625744921
c5baa32,778,0.07564424990475904
043abeb,779,0.07560271686136777
bf92b5d,780,0.07545206108053792
aa89866,781,0.07542616698974758
a6cb59e,782,0.075222694872767
b6890ea,783,0.0749538902516419
5916e8e,784,0.07481997843467758
119418f,785,0.0746438912583931
53eadfb,786,0.0745639982926537
f3b1059,787,0.07456029566659217
1405883,788,0.07447505265392318
d849be8,789,0.07433042496460218
fdf7600,790,0.07422884275215802
66a8d06,791,0.07420401693291079
53ee776,792,0.07414957082875129
8dd8b3d,793,0.07414524500593633
5082337,794,0.07400283101761751
6c6ad87,795,0.07388467761839568
dc56a75,796,0.07356563907683689
88551bd,797,0.07349464545262363
f1a00f3,798,0.07332922417539744
fecb521,799,0.07322454247228416
50e7b44,800,0.07311307236110332
9f2059f,801,0.07305997650742924
20f7208,802,0.07303176507748455
8672850,803,0.07297898845479844
5fd28fc,804,0.07282871525929124
7755b34,805,0.07264909615856086
4b8f473,806,0.07263436377754118
2e56495,807,0.07259785830994059
28982fa,808,0.07245765634731272
0e2ca0e,809,0.0721349232737436
be32ff3,810,0.07210372912278917
d50efdf,811,0.07171192960438633
165f427,812,0.07170288006809822
63c9445,813,0.07165721566133598
b00d835,814,0.07160608585517458
24e79cf,815,0.07154178153319535
15e0a37,816,0.07116952808012311
73cf859,817,0.07116054495519375
3937d82,818,0.07113140200197554
0923116,819,0.07093761283479938
77a6b3a,820,0.07086792046328838
843d7b8,821,0.07044362564669515
fc46baa,822,0.07036862960778567
d512ea4,823,0.07033624435609076
0facc1d,824,0.07027356976361787
1b5988e,825,0.07005706858800187
131cef7,826,0.06972500790942504
cc50f08,827,0.06963882362930662
db2191a,828,0.06950034261241211
a3f91fa,829,0.06942790120251252
2c7ec20,830,0.06931852182505671
c667a20,831,0.06927871065253455
df16fe1,832,0.06910975447222767
72c00fe,833,0.06893065523273778
b89ac40,834,0.06885636178384968
3e6eded,835,0.06882091834384418
01ca66c,836,0.06860635152032613
1707517,837,0.06855684943762919
c6a69cc,838,0.06834879773643587
a3cc13c,839,0.06828670008532434
51bec12,840,0.06825362379413402
8d109fe,841,0.0680610437128466
59c40a7,842,0.06800927412709656
1f64cb2,843,0.06796016801027305
e3f6748,844,0.06793144692728348
16834a4,845,0.06768607976862473
ba5756d,846,0.0676822458421037
ad03b06,847,0.06757908684182934
7509f41,848,0.06747270704283448
1cbee32,849,0.06740036742889044
ad8e643,850,0.06729012515907073
7cfbab6,851,0.06723183099264252
3178625,852,0.06708652763976863
07ab0b2,853,0.06642950898016042
9e164be,854,0.06641765308643777
639e987,855,0.06640678105099429
f0d875f,856,0.06636452898953549
b9b9292,857,0.06633244750921274
6892714,858,0.06606173842741236
226fd68,859,0.06605827572908252
4ff49b3,860,0.06605417421515036
62ea1bf,861,0.06596513351754119
fd192c2,862,0.06590741891272589
3f5e2fa,863,0.06567422276539236
d1adaf7,864,0.06560359313194519
eb86c15,865,0.06535724386832187
20bd245,866,0.06498665915239155
c0cd5ce,867,0.06497252024230127
7914f02,868,0.06491885578872592
a614269,869,0.06480497158265552
3fba96d,870,0.06445881513270035
034147a,871,0.06443129413108906
e1da80d,872,0.06441308440635363
524a342,873,0.06440976624356609
0748504,874,0.06440946702067651
a8d5d13,875,0.0643951899069628
9c2e92b,876,0.06426872723169019
f183e5b,877,0.06400684183485428
dfe9eff,878,0.06397169395174185
1614454,879,0.06393494246079978
ea0057c,880,0.06367524571515049
c4712e0,881,0.06360755043593314
9010b04,882,0.0635438203577956
7921e43,883,0.06350406532169794
99b20c9,884,0.06315667659800861
b81cd9b,885,0.06308509483093472
cdcbcfe,886,0.0630621866901967
a116b03,887,0.06304654989255498
906205a,888,0.06290093506843453
358fb5d,889,0.06256281157013699
4272ad9,890,0.06251620761792098
2c4229d,891,0.0624585755048237
eadcce7,892,0.06233026929028984
b1d6e41,893,0.062272928164583186
ade422e,894,0.06225847304763055
8a58750,895,0.06222696793455085
b10e003,896,0.062106546444739674
abfd971,897,0.06195804338348654
ae46a51,898,0.061943275303194434
0472506,899,0.06192696118967789
7851837,900,0.06178532495031652
5d0f10b,901,0.061650793346428645
95a32bb,902,0.061102180662630956
f21b60c,903,0.0610233176291155
d3ddf13,904,0.060846641320447925
08b416a,905,0.06072697685539741
c196026,906,0.06068694249840034
f8d7251,907,0.0604558748702253
2e7de31,908,0.06036546025699807
bbbbbbf,909,0.06011296112344655
3f62b3a,910,0.059752648036748734
e071e5a,911,0.059654849923761355
60563aa,912,0.05935164594534381
31de4ef,913,0.059231213191230814
67778ce,914,0.05906083741497459
a201e39,915,0.05899646583059737
9bad997,916,0.058958490779746686
5dd5506,917,0.058930913292559506
ec3625b,918,0.05862311234295303
33e118f,919,0.058567957631175505
e161f2d,920,0.0584990806415725
fabfb2d,921,0.05829942009283129
f6d1161,922,0.05817198587764161
d7a7fcd,923,0.057895154656601555
4d08164,924,0.05770262163989193
55ba9b0,925,0.057568465980074146
6d3a272,926,0.05744256150918714
89eb460,927,0.05741652065836511
1a5b0ef,928,0.05738756337948969
c6c41b3,929,0.0571117538620991
a5de35c,930,0.056991795622389985
6d327ba,931,0.05692683728437675
55284ce,932,0.05667585918071816
101995f,933,0.056348142472584684
2fb5126,934,0.056315698244085555
9316fce,935,0.056067840493275956
ba231bd,936,0.05601804169915281
3d9b263,937,0.055873859112553825
ec6e7dd,938,0.05586060589117092
fb030b3,939,0.055831349470402136
638abee,940,0.055521315736184684
37603e6,941,0.055466659689948905
8e7ec5e,942,0.05512599390792339
f4c5b94,943,0.055046885447970206
6ad6d55,944,0.05502349570617138
eac6e86,945,0.05499622871963339
136667c,946,0.05492358094514782
1a3e1f5,947,0.05461682029913728
496a746,948,0.0545482936617272
bb9aea5,949,0.054331129589590854
83c4142,950,0.054290211728719395
3a68a02,951,0.05410050383248466
a7236b6,952,0.05403688160749365
4109251,953,0.05386923404289612
eee6a92,954,0.05377112712046184
633dba4,955,0.05372051464967831
2492718,956,0.0537194900904876
31c46e1,957,0.053450614091898996
931a4aa,958,0.0533234789887409
19c4b7b,959,0.05312257685840738
7fd2cb9,960,0.052886608166338944
b5c8777,961,0.052878063007906095
feeee08,962,0.052834160945153696
1194c69,963,0.052778677503679816
2ceebab,964,0.052248798678811825
5f64145,965,0.05209920136966484
fcb0559,966,0.052029426138710755
a5edf79,967,0.05192383829086067
1adb1e6,968,0.05153406045845976
fa310b0,969,0.05137996491062924
1cce276,970,0.051287413171364205
b10f415,971,0.051272951403815825
b89707e,972,0.051182762804147575
559df38,973,0.05095155620259684
84f9e82,974,0.050789869676929555
e02af2c,975,0.0502897928532422
672fc22,976,0.050259288335012586
c099c11,977,0.04983114555735613
1163c2a,978,0.04979150122850662
706513d,979,0.04978979468259681
14dedcb,980,0.04964115293553317
1cfa9b4,981,0.0494671093504756
d8053cc,982,0.04924158790826927
fa85e52,983,0.049237686341754516
0109c43,984,0.04920568915748613
cb16c51,985,0.04912561689358197
44b2bf7,986,0.04910529146520293
78f9860,987,0.049050894239637155
621b83e,988,0.04836377222381105
cdeacf0,989,0.04824540323040438
44b5d6c,990,0.048190912528693675
de0a353,991,0.048105808973219255
8255f7e,992,0.048048852117924645
7a57b8a,993,0.04789326243722225
e6cd9ba,994,0.04777162214552366
7b36948,995,0.047696674314844034
ddd34b7,996,0.04764545169008316
98743f9,997,0.04732892851953707
9b298d5,998,0.04715243506940603
360b3ed,999,0.04664448907042673
8dc3964,1000,0.04664267118506371
26dc14b,1001,0.04658450008069592
1e331a2,1002,0.046228412155929544
82e420b,1003,0.045871670553395916
918f2a7,1004,0.04569094334509993
e97bb78,1005,0.045666615211250594
5286892,1006,0.04555976316072596
cd24d5c,1007,0.04532868687701852
2ea8563,1008,0.045316188386974376
bfd37a8,1009,0.045280571575853856
60cd3a8,1010,0.0445915768990478
51dd1cd,1011,0.04437264585734879
a14dd27,1012,0.04430396881551635
51b817e,1013,0.04407961845125685
048f3a5,1014,0.04343024206284585
17eb419,1015,0.043122175752046354
b6d1739,1016,0.042627006919780164
9309cdc,1017,0.04259296755066344
d4414d5,1018,0.04250134016784335
ba5b23c,1019,0.042435426677164045
6d32c19,1020,0.042400291342827634
552be4b,1021,0.042069730873438904
57d5cb7,1022,0.04197402624078794
d60dc84,1023,0.041727548236811685
9cb4d0f,1024,0.04163209179756622
e512741,1025,0.041340145694561126
3b5d9ed,1026,0.04087639021406997
1b7c222,1027,0.040807944888215375
cd35cbc,1028,0.04068111296476118
707162b,1029,0.04041555911238437
1fd45c9,1030,0.04011611515160418
750176f,1031,0.039861883703938616
cd675bb,1032,0.038386401378582846
e433f2e,1033,0.03799104937302156
856d11f,1034,0.037915967278379537
56f9a22,1035,0.037695470324207614
708f139,1036,0.03742246757624301
6cd3a18,1037,0.03715185282678124
0cd0cca,1038,0.03672640462269805
80486e8,1039,0.03668473155634733
12883c5,1040,0.03645440624210727
44f74ae,1041,0.0361359895096981
4e2042f,1042,0.03585002541066573
7eadd1a,1043,0.035709335303281686
6ca2038,1044,0.03522790629035799
70bec6d,1045,0.03515131077799771
7c4c238,1046,0.03474032421056983
0c7b06d,1047,0.03467697131351599
cf0112c,1048,0.03439082575353547
5a4fb36,1049,0.03348508784309867
fc76f16,1050,0.03347586107495004
6a806bb,1051,0.03334000925558944
f582cd6,1052,0.033181549869174876
a1d6609,1053,0.032825479218546505
4f04063,1054,0.03267910229223836
a88a7cd,1055,0.03250524358278306
8fd590d,1056,0.03239776848363085
bb9410f,1057,0.03233937272837062
605dc59,1058,0.03227367194930175
582ba2e,1059,0.031559741109212336
c688614,1060,0.031555982536805804
d622c13,1061,0.03125627272046527
a13f93c,1062,0.03079016962967951
67906ed,1063,0.030488984560940513
ffac169,1064,0.029946885694161263
29bac9e,1065,0.02975107671045296
642b646,1066,0.029618866308509517
6872249,1067,0.029492031792581863
49b9344,1068,0.028771456829862374
1c52431,1069,0.02858257410135523
4b61858,1071,0.02775362333663034
627558a,1071,0.02775362333663034
90f242c,1072,0.027508354217184228
afa8a34,1073,0.02748484354724645
8a47b50,1074,0.027459812064604794
65969a1,1075,0.02743178948262226
d9cb23b,1076,0.02726840512255757
45a8941,1077,0.027138126324784406
21b0b48,1078,0.027099756823061982
cfd8038,1079,0.027056834178504907
d5520b0,1080,0.026841113157095142
9aa6681,1081,0.02677777048800012
ba51381,1082,0.026622272288422177
72ec854,1083,0.02655197389426578
4d88c71,1084,0.026473738776906397
d6bd052,1085,0.0264653875035048
c012c27,1086,0.026446177884924316
0332cbe,1087,0.02617122475671363
e0dfeca,1088,0.026170437748289088
a8db2e4,1089,0.0260480160101364
d4998c7,1090,0.025893983746371085
2b25b36,1091,0.02545907661289637
7a4800c,1092,0.02521842097075422
bf41214,1093,0.02502042819602368
d577ec4,1094,0.024971664412559713
c5a5190,1095,0.024937295037598006
0393d90,1096,0.024784725709146138
bb661e1,1097,0.024594321615871828
24ad2dd,1098,0.02449624455414523
c016c1a,1099,0.0239221046589998
a478fe8,1100,0.023501512829067872
e092621,1101,0.02332277362892432
dcaef09,1102,0.023107417163341526
4eebf63,1103,0.022978750241797963
0aa4f5e,1104,0.022959327820100572
b63efc4,1105,0.02292502763279236
38bb217,1106,0.022396245641399193
3d755f3,1107,0.021125146052366817
d9ad623,1108,0.021104096623607682
c421991,1109,0.020877721026282603
f3f288e,1110,0.020436673047384946
f4a42a8,1111,0.02025546907402065
776b3d0,1112,0.020203734257873918
83fbf52,1113,0.01996556416326678
abcd066,1114,0.019723219986864216
c9fe9c8,1115,0.0196714649081986
7889dd1,1116,0.018334978373818034
a5f5886,1117,0.017728373503184902
b6272b1,1118,0.017431271240381685
0ba58b0,1119,0.017401159495513907
e541f5f,1120,0.016133072472531707
2c7cc09,1121,0.01569928545703203
609aa43,1122,0.015523159298601596
35d7ba6,1123,0.015375402784774561
c4328d9,1124,0.015233034719796867
7a5dc1e,1125,0.014639731166502634
383354a,1126,0.014590760421958393
28bfc41,1127,0.01430149732039987
d634d38,1128,0.013978367989119
e5ad614,1129,0.013567806590435216
02d0262,1130,0.011768342365314322
d21736d,1131,0.01155386544745951
939bb55,1132,0.010567316423922835
90791a7,1133,0.009090482870078187
a003745,1134,0.008961648192463478
f152b04,1135,0.008912939411129805
365fdb1,1136,0.008897261378284949
1b5a089,1137,0.008858430774173698
c5d170d,1138,0.008798732865470948
5f182d3,1139,0.00877981871910738
0d15017,1140,0.008764727843990405
6895dca,1141,0.008084179158401428
e759730,1142,0.007782437848772972
3403022,1143,0.007782370689164986
f72707c,1144,0.00762189830343174
0e674e3,1145,0.007436513839174097
eeb00cd,1146,0.00741533390002902
7c064bb,1147,0.006545346318137857
968d01d,1148,0.0064051237173161635
4bcc1e7,1149,0.006350236912232132
8045bc2,1150,0.006062507091784353
cfb150d,1151,0.006046699179758641
ce94280,1152,0.006029405699390256
2caf666,1153,0.005982700091080151
01b4521,1154,0.005981450200959748
3bce068,1155,0.005882324464773991
a90a9bf,1156,0.00574413022438558
f9177fe,1157,0.005569680216576889
8b49e71,1158,0.005392338472391067
a61b3ff,1159,0.005298966991203358
3eb5cdc,1160,0.005220783165619469
0fc3fc0,1162,0.005098628853874798
3831b30,1162,0.005098628853874798
8102370,1163,0.005063536332761909
07c9059,1164,0.004886670046211239
1129b31,1165,0.0047614922085108535
20f7735,1166,0.0046569143487480424
aa17c53,1168,0.0045225728988155245
49558a5,1168,0.0045225728988155245
8ae44bb,1169,0.004389706252719172
98049a1,1170,0.004270143220089229
5de9d93,1172,0.004218208316670413
3367baf,1172,0.004218208316670413
9d78d8b,1173,0.004215763431560715
227eb75,1175,0.0042065326287323845
6eb9bf0,1175,0.0042065326287323845
c111e99,1176,0.004204072251153601
0d6d0e2,1177,0.004186278204074023
31f51d8,1178,0.004164709084787721
c820cbe,1180,0.004149521894496799
9bf299b,1180,0.004149521894496799
a9f2cd4,1181,0.004147081177298451
c4efa9c,1182,0.0041314650202213254
4265138,1183,0.00410053371503849
304f89c,1184,0.004071593519876182
ed2739f,1185,0.004026077832062547
414e3ee,1186,0.003995288753940396
5e367af,1187,0.003918820610638085
ddcbe0e,1188,0.003908787494229959
772cab1,1189,0.0038827709692635937
bc30ef2,1190,0.0038551589102449046
d1b9870,1191,0.0038478250630639144
7283dc7,1192,0.0038252796498581265
63f7732,1193,0.00382087320106983
e762ad0,1194,0.0037937698924537244
dd38faa,1195,0.0037626424256342883
b198acb,1196,0.003760658363482272
c47221f,1197,0.0037593075529412934
324f62f,1198,0.0037575753251793964
792f5bd,1199,0.003757524426668324
881fb17,1200,0.0037559079229215753
73943d5,1201,0.0037179656092790614
219ac5f,1202,0.003706337529816639
30714b0,1203,0.003703034928852489
b947d2d,1204,0.003676998613994731
d08ed4b,1205,0.0036474820045888645
b52ac16,1206,0.003647271997606061
97aeb71,1208,0.0036409592848922756
b1d9981,1208,0.0036409592848922756
1cd1360,1209,0.0036341970353738207
386da71,1210,0.003629848274467107
28ceb46,1211,0.0036112198408257967
2c0de71,1212,0.003605936186622416
f3313e4,1214,0.003603478023939788
97c6db8,1214,0.003603478023939788
0388a5a,1215,0.003601064492891437
2de7d1e,1216,0.003600654220830335
b7bb4ca,1217,0.0035998443361549004
a7252d9,1219,0.003598154930058106
77c6c0f,1219,0.003598154930058106
4c2dfc8,1221,0.0035967710043688372
3a440aa,1221,0.0035967710043688372
7b91026,1223,0.0035869065498272956
ce6ca2d,1223,0.0035869065498272956
9d40c6d,1224,0.0035715722654271476
92cd4e1,1225,0.0035715125242714585
f2ba036,1226,0.003562846895506122
8b3cdcd,1227,0.003562195173199889
0ebf868,1231,0.0035561267594415025
51dca08,1231,0.0035561267594415025
08da459,1231,0.0035561267594415025
6e2619a,1231,0.0035561267594415025
e02e706,1232,0.003548435508608727
f7fa039,1234,0.003535323604647145
6f1b59b,1234,0.003535323604647145
1945a52,1235,0.003516430410449578
0ec9167,1236,0.003509033179213139
f41449e,1237,0.0034905422880288084
fdb2ef4,1238,0.003482810630271449
7f691f7,1239,0.0034764598565788507
576bf10,1240,0.003430146170030013
826d38b,1241,0.0034294019885625637
b596f23,1242,0.0033428353496629537
09bad3e,1243,0.00325685125892361
7b20d02,1244,0.0032030462632838264
c772986,1245,0.00320276821294585
5f435a3,1248,0.003201508754943516
882f3bf,1248,0.003201508754943516
4bf5376,1248,0.003201508754943516
e0428fe,1249,0.0032011645481379025
d0ed711,1250,0.0031983013067529154
5fb2eda,1251,0.0031864585772124476
2a79d7e,1252,0.003182848524217796
323f95f,1253,0.003171829386837466
eb80d4d,1255,0.003170452269891988
91aaddb,1255,0.003170452269891988
fb28d3d,1256,0.0031657962431056452
97ccb66,1257,0.003157629639280346
0327b45,1258,0.0031385696563054344
bfbc8b6,1259,0.0031238418564396575
4b92c37,1260,0.003123039313932763
8656871,1261,0.003121940640658294
e0b2d38,1262,0.0031215835265921976
bf7d8c8,1263,0.0031214712884184426
a046bf4,1265,0.0031200376820044173
e232922,1265,0.0031200376820044173
05bcda5,1266,0.0031197907924878088
d7b8726,1267,0.0031130067181304177
d88f7db,1272,0.0031051171519377307
adf62e6,1272,0.0031051171519377307
57fc660,1272,0.0031051171519377307
471e2cd,1272,0.0031051171519377307
17c74a6,1272,0.0031051171519377307
2b35ffc,1273,0.003079976325113476
110e197,1274,0.003078840249787218
f0d58dd,1275,0.0030764694324830755
b825726,1276,0.00307559010120273
c97dc41,1277,0.0030738725016371538
4fbcc5a,1278,0.0030732716009621575
9ff3196,1279,0.003071788490154548
ce3ac84,1282,0.0030714928723187818
b9ccb8d,1282,0.0030714928723187818
265440c,1282,0.0030714928723187818
19faa83,1283,0.0030708551370126624
44feb9f,1288,0.00306983281535933
be7b3ae,1288,0.00306983281535933
08dac4f,1288,0.00306983281535933
526ee26,1288,0.00306983281535933
4a9a2cf,1288,0.00306983281535933
2fd05c3,1291,0.0030697439727173093
06067d3,1291,0.0030697439727173093
008a33f,1291,0.0030697439727173093
079c0cb,1292,0.0030694888868703085
23bf6bc,1293,0.003068213088435412
8053752,1295,0.0030680665466181756
6880d4b,1295,0.0030680665466181756
103b3d3,1296,0.003065599459198043
73628a6,1297,0.003065302406162651
25c1408,1299,0.0030648771503176686
786e06e,1299,0.0030648771503176686
9fdc702,1300,0.003064549569741337
d5aa189,1301,0.0030640536109263206
a36dcd6,1302,0.0030638806400433705
03194dd,1303,0.0030635975461607012
5938311,1305,0.003063549611284855
4bc745b,1305,0.003063549611284855
f0beb42,1306,0.0030633614007476995
6d87c92,1307,0.003063320805227532
5fd91cf,1308,0.003063001529261644
c4f06f0,1309,0.0030629135042073985
bb9ba44,1310,0.0030628729274414512
1140e25,1311,0.0030627608480339186
4bc75bf,1312,0.0030623234909653574
b2f337a,1313,0.003061848124459976
e76c1d6,1314,0.0030611736735710604
02eafcf,1315,0.003060942615173312
333a192,1316,0.0030609297962973514
28676c0,1318,0.00306075394947658
daec367,1318,0.00306075394947658
70aab34,1319,0.0030552737249540662
d5b286c,1320,0.003054295495643955
22d8729,1321,0.003052858043172124
42c898f,1322,0.003045865747378196
eda247a,1324,0.003041564880073011
e38e7ad,1324,0.003041564880073011
1ba4f98,1325,0.0030373582695654155
e4d7742,1326,0.0030357194182594194
63c28bc,1327,0.0030347538849159195
b4c55b6,1328,0.0030332050160268853
56d6f8a,1329,0.003032712749223454
261d08e,1330,0.0030248844358222726
27b6a8b,1331,0.0030240351418470146
d36a6f8,1332,0.003022908595738061
0542fa1,1333,0.0030227207006932044
7f60a9c,1334,0.0030225430981235535
6f5522f,1335,0.0030204768888145717
385e7e0,1336,0.0030202423074129348
78f8f53,1337,0.0030188690913836025
fd94420,1338,0.0030188637528062445
09fc5a0,1339,0.003018302263125605
e3969ce,1341,0.003018187772393599
3d2aef7,1341,0.003018187772393599
67d0dbf,1342,0.0030175849719726866
8f53ce9,1343,0.003016668001532219
58fb5f3,1344,0.003016410049523466
c53a954,1345,0.003016396852833836
165e44a,1346,0.0030163331557222506
288308e,1347,0.00301598621371435
bdbd251,1348,0.003015979458707685
71f75ec,1349,0.0030158542357818785
501d8fa,1350,0.003015703303074879
3568f72,1351,0.0030151584764147588
aed8060,1352,0.0030150654966319967
2872e56,1353,0.0030144161462163366
75c05c8,1354,0.003014376793287421
5345744,1355,0.0030141554974406626
514d80b,1356,0.0030131442837881828
bfdef1b,1357,0.0030131253378032907
19ed2b0,1362,0.0030123769818505286
575254b,1362,0.0030123769818505286
29c52d1,1362,0.0030123769818505286
2b1b575,1362,0.0030123769818505286
6f386bb,1362,0.0030123769818505286
acd213b,1363,0.0030108255432081954
2d75200,1365,0.0030102868338061084
255a9f9,1365,0.0030102868338061084
2dc9858,1366,0.003009927618488839
563b398,1367,0.003009707249539084
1c111fa,1368,0.003009459821710414
c733e2a,1369,0.003009213700554403
4d329e1,1370,0.0030087566003688115
229e52b,1371,0.003008350618992739
fe59adf,1372,0.003008109133826209
513311d,1373,0.0030079870806739573
face183,1374,0.0030079449386928303
fdb13a7,1376,0.0030078570997753573
33379cb,1376,0.0030078570997753573
0507d7e,1377,0.003007853328320431
f20dbc8,1378,0.0030076774775660287
c55447d,1379,0.00300750098794067
38cbf38,1380,0.0030070225138407736
706ccf2,1381,0.003006826420129838
df96735,1382,0.0030066910326170815
c5141b9,1383,0.0030062618223837267
b179818,1384,0.0030061280175750493
9c2c0a1,1385,0.003006018574205793
8297e3c,1386,0.0030057671142053044
5a174fc,1387,0.003005542986073806
c4204ec,1388,0.0030055136625851686
baa2e5f,1389,0.0030034589403904466
f6cc335,1390,0.003003386134167174
d4cbf85,1391,0.0030026159736684654
82300ea,1392,0.0030015826257063782
efbed15,1393,0.0030013393554442214
effe126,1418,0.002997431409714757
b74e684,1418,0.002997431409714757
ad348b5,1418,0.002997431409714757
0986a77,1418,0.002997431409714757
6c01269,1418,0.002997431409714757
25eb789,1418,0.002997431409714757
c3ee85a,1418,0.002997431409714757
d22dc4c,1418,0.002997431409714757
b68ad15,1418,0.002997431409714757
1972531,1418,0.002997431409714757
e57d57d,1418,0.002997431409714757
7fa2cea,1418,0.002997431409714757
3af7719,1418,0.002997431409714757
e9032e7,1418,0.002997431409714757
44efdb2,1418,0.002997431409714757
0375388,1418,0.002997431409714757
8e0c77b,1418,0.002997431409714757
d358df1,1418,0.002997431409714757
39562dc,1418,0.002997431409714757
26482d2,1418,0.002997431409714757
04f80d1,1418,0.002997431409714757
bc0fbec,1418,0.002997431409714757
dfe917d,1418,0.002997431409714757
463b467,1418,0.002997431409714757
0e1c060,1418,0.002997431409714757
ce5cb60,1419,0.0029968716484556346
354d018,1420,0.002996852031703745
83f1a74,1423,0.0029965673604128717
53feb3f,1423,0.0029965673604128717
a62f8f4,1423,0.0029965673604128717
dd15c2f,1425,0.002994159422070153
152fb03,1425,0.002994159422070153
0534923,1426,0.002993546192606944
ce2c258,1427,0.0029917758059753163
a337930,1428,0.002991097977127599
e73ad2c,1429,0.0029858240821312165
6cdf6fc,1430,0.0029855753328459356
3ffd1a7,1431,0.002983674018121607
9334720,1432,0.0029818220328208245
4ae145a,1433,0.0029807095189715582
4102129,1434,0.0029775903495878886
ea35236,1435,0.002976278951287159
c0d3d40,1436,0.0029750527976879493
7bd8f09,1437,0.00297446105980681
312ed1d,1438,0.0029740122158458115
e561aa9,1439,0.0029736515516533
9e98bed,1440,0.0029715430227917894
e69fc76,1441,0.0029710325232671364
ecb3c81,1442,0.002969912196908564
921c1a9,1443,0.00296798557450495
ea3536d,1444,0.002967951855592954
029d7d1,1445,0.002966973582184451
a35abb5,1446,0.0029666876307479217
f676ffe,1447,0.002966686333718549
a48f28b,1449,0.002966614478042584
82ad80c,1449,0.002966614478042584
a862dbc,1450,0.0029660403862955542
f19323c,1451,0.002965490867018583
47e54a3,1452,0.002965420912664274
174240f,1453,0.0029649786236268794
74a89c4,1454,0.0029646358881001422
4a2f8d2,1455,0.0029645031967644453
7f8dcd0,1456,0.0029643278498391323
03c435f,1457,0.0029643214103372006
885fd5e,1458,0.0029625333784980556
1aea267,1459,0.002961059352717399
dea27d4,1460,0.002959816006274596
5311dfb,1461,0.002959698272660405
e487e01,1462,0.002958950155635187
6a138f4,1463,0.0029588481716940063
94bdce1,1464,0.002958071987420041
dcacae9,1465,0.0029574834712833287
6a3b134,1466,0.0029571416867335554
66a244b,1467,0.0029568038565713772
f8558e6,1468,0.002955902173794156
1d78a88,1469,0.002955706411374326
fd0687a,1470,0.0029555019339864153
73517ea,1471,0.002955093371150075
69b4c49,1472,0.0029550546503518405
4b616bb,1473,0.00295497922363408
f748871,1474,0.0029546204777984864
6ba8e48,1475,0.0029528039375649184
9aadef0,1478,0.002952776532985757
cf4e1f7,1478,0.002952776532985757
2858d0a,1478,0.002952776532985757
19ddfa4,1479,0.00295258173012114
513a3a9,1480,0.002949217851035635
86c33f3,1481,0.002946052774945529
85ff24c,1482,0.002945517193547631
541e420,1483,0.002944233531309459
9101878,1484,0.002941156012771118
6a52a34,1485,0.002940495608882432
a99e483,1486,0.0029374163730824243
1458994,1487,0.0029373849733206336
3db8722,1488,0.0029362970003223854
5ffd24e,1489,0.002933191388630685
12c4a5d,1490,0.0029279249581638522
e61ae33,1491,0.0029270727495985804
0b8ed16,1492,0.0029247238464168435
b436336,1493,0.002924703207063728
8aa766b,1494,0.002924697774161489
66d1870,1495,0.0029214202534925127
db44731,1496,0.0029213328844440722
79c63c4,1497,0.002919369648523573
51a25c6,1498,0.002916862168900747
3e0ac4e,1499,0.0029159992203243723
cd9dae9,1500,0.002915340597199667
4eb99dd,1501,0.0029140836301303485
acf0ea0,1502,0.0029133768680333905
c7049ff,1503,0.002910538317890232
0952c63,1504,0.0029095116535217125
f4c019f,1505,0.0029092869920230857
be0846b,1506,0.00290907849016242
e3158c9,1507,0.0029077875503812356
de40083,1508,0.0029056725766845037
0046b02,1509,0.0029053623727746114
32b0bb4,1510,0.002904338829865738
c29aace,1511,0.002901749299156764
7ea50f9,1512,0.0029011949844124363
2023880,1513,0.002900807108870307
2ca3016,1514,0.002899913609467286
52f9186,1515,0.0028995311653864375
8fedb26,1516,0.002899207514072466
f63c4cb,1517,0.0028980361088408735
1532301,1518,0.002897824482033129
8d7a275,1519,0.0028967937606733107
5e0b12a,1520,0.0028966002420338643
937e276,1521,0.0028964631067368574
1839bcd,1522,0.002895393168634519
e6c48cc,1523,0.002894963959334973
b501273,1524,0.0028936595392607956
ed78081,1525,0.0028929515618818513
28e8aad,1527,0.002890812982204949
c87ef96,1527,0.002890812982204949
e051c77,1528,0.0028894213191087426
001829b,1529,0.0028880820251773187
94cb3a8,1530,0.0028868020849707188
c22634c,1531,0.002885459585906469
e1301dd,1532,0.002884363726511796
3163e8b,1533,0.002883473220877786
dff90a4,1534,0.0028822204228593495
3932b49,1535,0.002880943086299159
605c721,1536,0.0028795976505356924
e2d27d1,1537,0.002877621463868052
16bf508,1538,0.0028740619735382333
a5922db,1539,0.002873999140138306
26c4a01,1540,0.002872971281236092
d3bf091,1541,0.002872162852870841
ff5faa9,1542,0.002867154767222213
87557cd,1543,0.0028663786554168347
b8ce739,1544,0.0028661723918409487
fb7c017,1545,0.0028659771429792036
f3ab8c8,1546,0.002865965921880931
2e6b5ce,1547,0.002865745718222956
7eed68f,1548,0.002865668847653491
9cf8aa3,1549,0.0028651249781749266
93c7f20,1552,0.002864296584068171
7409d92,1552,0.002864296584068171
1029092,1552,0.002864296584068171
6386a8d,1553,0.0028623334918610466
5f7236c,1554,0.0028617010182340197
2a1bf66,1555,0.002861129702116716
a08b61d,1556,0.002860869198938909
8fed005,1557,0.0028592182756315143
a97704f,1558,0.002858390907303887
e9009a1,1559,0.002858123621127584
c0de5a9,1560,0.0028581019356667126
7f964c8,1561,0.0028578645789194557
320d7ec,1562,0.0028572133793665078
ef66bcd,1563,0.0028568987132203683
5e5300b,1564,0.0028544169504960415
820a909,1565,0.002854036407938465
1c5cb65,1566,0.002852733403623686
8f8bf8f,1567,0.0028525895826220227
486a726,1569,0.002850690992849292
d89f0e9,1569,0.002850690992849292
3099a72,1570,0.0028392643433062803
21baaea,1571,0.002839019313303104
757f13a,1572,0.0028354561127460487
76d7f55,1573,0.0028331151953083777
8f9d4d4,1574,0.00283103360517889
f6e989b,1575,0.0028281357340183
4612e22,1576,0.0028264796016975735
738f490,1577,0.0028250832157913353
7c09011,1578,0.0028250003290624104
48c4ec1,1579,0.0028229497185512376
ac208e7,1580,0.0028220509226091206
18b2d87,1581,0.002820932971347778
7a4ecb4,1582,0.002819122346085834
de71818,1583,0.0028188167014421284
c52da6c,1584,0.0028165890834097596
d27a0ae,1585,0.0028163098961355715
47da336,1586,0.0028146286407362275
093dc65,1587,0.0028112779681317424
7ad1207,1588,0.0028111799110129843
e725574,1589,0.0028099089007835865
2bb6dc3,1590,0.0028093059868509185
8a31f55,1591,0.0028056263794694614
c247b1e,1592,0.002804864439937771
3879051,1593,0.0028033274300522937
0781769,1594,0.002802799642358633
909aa72,1595,0.002802609417786983
411e724,1596,0.002802443516134012
9378383,1598,0.0028004376839795286
1b63785,1598,0.0028004376839795286
b35d679,1599,0.002799988970148326
1fdc1f4,1600,0.0027984576253540228
4a84c94,1601,0.0027982665117738392
8c295c3,1602,0.0027963842929004112
9fa4334,1603,0.002795122084305768
6cb6574,1604,0.0027949841172836276
c880847,1605,0.0027949712091209777
f2878d1,1606,0.0027949006256832165
64a991f,1607,0.0027947753712134205
76f61a2,1608,0.0027933860379372177
25443d7,1609,0.0027908667887872607
0f4a711,1610,0.0027870879713860486
fef3c10,1613,0.0027798760125418154
3bfd840,1613,0.0027798760125418154
ceda399,1613,0.0027798760125418154
d78a89d,1614,0.0027753979144294894
a7ab046,1615,0.002771759813343322
dfbb62c,1616,0.0027677188820031118
ecfddfa,1617,0.0027653981626827306
d69f11c,1618,0.0027650379451990004
08669f7,1619,0.0027634824954518855
220901d,1620,0.0027577337467775687
f9f79f0,1621,0.0027563719866871006
1e60179,1622,0.002756190584380591
6cf67f4,1623,0.002749525142489051
fae8b5a,1624,0.0027479957115067455
534d1a0,1625,0.0027474432575880225
d8fd2ce,1626,0.002745917296211542
f446ad4,1627,0.0027406920002687185
62fd2aa,1628,0.0027401069365710073
45516c8,1629,0.002735179241009078
d2f83bc,1630,0.002732876385729943
809f8db,1631,0.002728925561620299
106ae6f,1632,0.002728531598175432
e371d1e,1633,0.002723193124761769
079da56,1634,0.0027030224174210415
6613418,1635,0.0026882273800907797
903a0ac,1636,0.002687714604683422
e1bf505,1637,0.0026670535215836955
f1a476f,1638,0.002655152375108938
9f9a57b,1639,0.0026513797476068746
c3bec2c,1640,0.002645536222774303
3fce0d1,1641,0.0026117724897410932
b6be29b,1642,0.0025896472519167935
857aaac,1643,0.0025876541631504324
2022a57,1645,0.0025858619622327605
baac178,1645,0.0025858619622327605
32c128f,1646,0.002576927327390899
c291530,1647,0.0025561309821442446
0abca33,1648,0.002552586307323912
f062952,1649,0.0024526685579358
bedcc4a,1650,0.0024517116084057378
67178f0,1651,0.0024457574709778607
4c9edec,1652,0.002413920337707709
d1e9ca7,1653,0.0024061066831676525
2f0420e,1654,0.001921279874855908
fc896e3,1655,0.0009125106347779299
aa13a78,1715,0.0
48e7bb7,1715,0.0
229c7d0,1715,0.0
970139e,1715,0.0
979e9b4,1715,0.0
b8f80df,1715,0.0
2414524,1715,0.0
1cea361,1715,0.0
9f24508,1715,0.0
b4e3570,1715,0.0
3bca798,1715,0.0
2bad178,1715,0.0
0a47ac1,1715,0.0
ef64bce,1715,0.0
1803610,1715,0.0
f64399f,1715,0.0
17a60c9,1715,0.0
7b145b0,1715,0.0
d0346a8,1715,0.0
cd16185,1715,0.0
223e863,1715,0.0
aef185e,1715,0.0
0f54d32,1715,0.0
fd88604,1715,0.0
a77691d,1715,0.0
0700250,1715,0.0
f2f9c81,1715,0.0
6d51047,1715,0.0
3cfbe97,1715,0.0
27fde77,1715,0.0
7c95794,1715,0.0
639c965,1715,0.0
3614019,1715,0.0
4b9e231,1715,0.0
a3cf2fc,1715,0.0
f924b43,1715,0.0
e329ecf,1715,0.0
bddc55c,1715,0.0
456e64b,1715,0.0
2e3dd44,1715,0.0
bce8df7,1715,0.0
2091e71,1715,0.0
b0fcbb9,1715,0.0
bbb38a0,1715,0.0
9732f2a,1715,0.0
eb4965a,1715,0.0
4ff0dad,1715,0.0
db34c4a,1715,0.0
f268b52,1715,0.0
06fffaf,1715,0.0
91b1ba4,1715,0.0
6bf5bba,1715,0.0
efce991,1715,0.0
6be086e,1715,0.0
c36c7cb,1715,0.0
90c44c4,1715,0.0
fecee76,1715,0.0
67e4663,1715,0.0
88d917b,1715,0.0
5d127a3,1715,0.0
